Record Length,2.500000e+03,,   0.000275000000,  -0.32000,
Sample Interval,1.000000e-07,,   0.000275100000,  -0.34000,
Trigger Point,-2.750000000000e+03,,   0.000275200000,  -0.32000,
,,,   0.000275300000,  -0.30000,
,,,   0.000275400000,  -0.32000,
,,,   0.000275500000,  -0.32000,
Source,CH2,,   0.000275600000,  -0.34000,
Vertical Units,V,,   0.000275700000,  -0.32000,
Vertical Scale,5.000000e-01,,   0.000275800000,  -0.32000,
Vertical Offset,2.000000e-01,,   0.000275900000,  -0.28000,
Horizontal Units,s,,   0.000276000000,  -0.30000,
Horizontal Scale,2.500000e-05,,   0.000276100000,  -0.28000,
Pt Fmt,Y,,   0.000276200000,  -0.28000,
Yzero,0.000000e+00,,   0.000276300000,  -0.30000,
Probe Atten,1.000000e+00,,   0.000276400000,  -0.26000,
Model Number,TDS2001C,,   0.000276500000,  -0.28000,
Serial Number,C012347,,   0.000276600000,  -0.30000,
Firmware Version,FV:v24.26,,   0.000276700000,  -0.26000,
,,,0.000276800000,  -0.26000,
,,,0.000276900000,  -0.22000,
,,,0.000277000000,  -0.24000,
,,,0.000277100000,  -0.22000,
,,,0.000277200000,  -0.26000,
,,,0.000277300000,  -0.24000,
,,,0.000277400000,  -0.24000,
,,,0.000277500000,  -0.22000,
,,,0.000277600000,  -0.24000,
,,,0.000277700000,  -0.22000,
,,,0.000277800000,  -0.20000,
,,,0.000277900000,  -0.20000,
,,,0.000278000000,  -0.22000,
,,,0.000278100000,  -0.20000,
,,,0.000278200000,  -0.18000,
,,,0.000278300000,  -0.18000,
,,,0.000278400000,  -0.20000,
,,,0.000278500000,  -0.16000,
,,,0.000278600000,  -0.18000,
,,,0.000278700000,  -0.16000,
,,,0.000278800000,  -0.16000,
,,,0.000278900000,  -0.16000,
,,,0.000279000000,  -0.16000,
,,,0.000279100000,  -0.16000,
,,,0.000279200000,  -0.16000,
,,,0.000279300000,  -0.12000,
,,,0.000279400000,  -0.14000,
,,,0.000279500000,  -0.12000,
,,,0.000279600000,  -0.16000,
,,,0.000279700000,  -0.12000,
,,,0.000279800000,  -0.14000,
,,,0.000279900000,  -0.10000,
,,,0.000280000000,  -0.12000,
,,,0.000280100000,  -0.08000,
,,,0.000280200000,  -0.10000,
,,,0.000280300000,  -0.06000,
,,,0.000280400000,  -0.08000,
,,,0.000280500000,  -0.08000,
,,,0.000280600000,  -0.10000,
,,,0.000280700000,  -0.08000,
,,,0.000280800000,  -0.06000,
,,,0.000280900000,  -0.06000,
,,,0.000281000000,  -0.06000,
,,,0.000281100000,  -0.04000,
,,,0.000281200000,  -0.04000,
,,,0.000281300000,  -0.04000,
,,,0.000281400000,  -0.04000,
,,,0.000281500000,  -0.06000,
,,,0.000281600000,  -0.02000,
,,,0.000281700000,  -0.04000,
,,,0.000281800000,  -0.04000,
,,,0.000281900000,  -0.04000,
,,,0.000282000000,  -0.02000,
,,,0.000282100000,   0.00000,
,,,0.000282200000,   0.00000,
,,,0.000282300000,   0.00000,
,,,0.000282400000,  -0.02000,
,,,0.000282500000,   0.00000,
,,,0.000282600000,   0.02000,
,,,0.000282700000,   0.02000,
,,,0.000282800000,   0.02000,
,,,0.000282900000,   0.02000,
,,,0.000283000000,   0.00000,
,,,0.000283100000,   0.02000,
,,,0.000283200000,   0.02000,
,,,0.000283300000,   0.02000,
,,,0.000283400000,   0.06000,
,,,0.000283500000,   0.02000,
,,,0.000283600000,   0.04000,
,,,0.000283700000,   0.08000,
,,,0.000283800000,   0.08000,
,,,0.000283900000,   0.06000,
,,,0.000284000000,   0.06000,
,,,0.000284100000,   0.08000,
,,,0.000284200000,   0.10000,
,,,0.000284300000,   0.08000,
,,,0.000284400000,   0.10000,
,,,0.000284500000,   0.10000,
,,,0.000284600000,   0.08000,
,,,0.000284700000,   0.10000,
,,,0.000284800000,   0.12000,
,,,0.000284900000,   0.10000,
,,,0.000285000000,   0.12000,
,,,0.000285100000,   0.10000,
,,,0.000285200000,   0.14000,
,,,0.000285300000,   0.12000,
,,,0.000285400000,   0.12000,
,,,0.000285500000,   0.12000,
,,,0.000285600000,   0.14000,
,,,0.000285700000,   0.12000,
,,,0.000285800000,   0.14000,
,,,0.000285900000,   0.14000,
,,,0.000286000000,   0.14000,
,,,0.000286100000,   0.16000,
,,,0.000286200000,   0.18000,
,,,0.000286300000,   0.18000,
,,,0.000286400000,   0.16000,
,,,0.000286500000,   0.18000,
,,,0.000286600000,   0.20000,
,,,0.000286700000,   0.18000,
,,,0.000286800000,   0.20000,
,,,0.000286900000,   0.18000,
,,,0.000287000000,   0.22000,
,,,0.000287100000,   0.20000,
,,,0.000287200000,   0.22000,
,,,0.000287300000,   0.20000,
,,,0.000287400000,   0.24000,
,,,0.000287500000,   0.20000,
,,,0.000287600000,   0.22000,
,,,0.000287700000,   0.24000,
,,,0.000287800000,   0.24000,
,,,0.000287900000,   0.22000,
,,,0.000288000000,   0.26000,
,,,0.000288100000,   0.26000,
,,,0.000288200000,   0.28000,
,,,0.000288300000,   0.28000,
,,,0.000288400000,   0.28000,
,,,0.000288500000,   0.26000,
,,,0.000288600000,   0.30000,
,,,0.000288700000,   0.30000,
,,,0.000288800000,   0.28000,
,,,0.000288900000,   0.28000,
,,,0.000289000000,   0.30000,
,,,0.000289100000,   0.30000,
,,,0.000289200000,   0.28000,
,,,0.000289300000,   0.32000,
,,,0.000289400000,   0.32000,
,,,0.000289500000,   0.30000,
,,,0.000289600000,   0.30000,
,,,0.000289700000,   0.34000,
,,,0.000289800000,   0.34000,
,,,0.000289900000,   0.30000,
,,,0.000290000000,   0.32000,
,,,0.000290100000,   0.34000,
,,,0.000290200000,   0.38000,
,,,0.000290300000,   0.34000,
,,,0.000290400000,   0.38000,
,,,0.000290500000,   0.36000,
,,,0.000290600000,   0.38000,
,,,0.000290700000,   0.38000,
,,,0.000290800000,   0.36000,
,,,0.000290900000,   0.38000,
,,,0.000291000000,   0.38000,
,,,0.000291100000,   0.38000,
,,,0.000291200000,   0.40000,
,,,0.000291300000,   0.38000,
,,,0.000291400000,   0.40000,
,,,0.000291500000,   0.40000,
,,,0.000291600000,   0.40000,
,,,0.000291700000,   0.40000,
,,,0.000291800000,   0.38000,
,,,0.000291900000,   0.42000,
,,,0.000292000000,   0.44000,
,,,0.000292100000,   0.42000,
,,,0.000292200000,   0.42000,
,,,0.000292300000,   0.42000,
,,,0.000292400000,   0.42000,
,,,0.000292500000,   0.44000,
,,,0.000292600000,   0.40000,
,,,0.000292700000,   0.44000,
,,,0.000292800000,   0.46000,
,,,0.000292900000,   0.46000,
,,,0.000293000000,   0.46000,
,,,0.000293100000,   0.46000,
,,,0.000293200000,   0.48000,
,,,0.000293300000,   0.46000,
,,,0.000293400000,   0.46000,
,,,0.000293500000,   0.46000,
,,,0.000293600000,   0.50000,
,,,0.000293700000,   0.48000,
,,,0.000293800000,   0.48000,
,,,0.000293900000,   0.48000,
,,,0.000294000000,   0.50000,
,,,0.000294100000,   0.50000,
,,,0.000294200000,   0.48000,
,,,0.000294300000,   0.54000,
,,,0.000294400000,   0.52000,
,,,0.000294500000,   0.52000,
,,,0.000294600000,   0.52000,
,,,0.000294700000,   0.52000,
,,,0.000294800000,   0.54000,
,,,0.000294900000,   0.52000,
,,,0.000295000000,   0.52000,
,,,0.000295100000,   0.54000,
,,,0.000295200000,   0.54000,
,,,0.000295300000,   0.52000,
,,,0.000295400000,   0.54000,
,,,0.000295500000,   0.56000,
,,,0.000295600000,   0.56000,
,,,0.000295700000,   0.58000,
,,,0.000295800000,   0.56000,
,,,0.000295900000,   0.56000,
,,,0.000296000000,   0.56000,
,,,0.000296100000,   0.58000,
,,,0.000296200000,   0.60000,
,,,0.000296300000,   0.62000,
,,,0.000296400000,   0.60000,
,,,0.000296500000,   0.62000,
,,,0.000296600000,   0.58000,
,,,0.000296700000,   0.60000,
,,,0.000296800000,   0.58000,
,,,0.000296900000,   0.60000,
,,,0.000297000000,   0.60000,
,,,0.000297100000,   0.60000,
,,,0.000297200000,   0.60000,
,,,0.000297300000,   0.62000,
,,,0.000297400000,   0.62000,
,,,0.000297500000,   0.62000,
,,,0.000297600000,   0.64000,
,,,0.000297700000,   0.62000,
,,,0.000297800000,   0.64000,
,,,0.000297900000,   0.64000,
,,,0.000298000000,   0.66000,
,,,0.000298100000,   0.64000,
,,,0.000298200000,   0.66000,
,,,0.000298300000,   0.66000,
,,,0.000298400000,   0.66000,
,,,0.000298500000,   0.70000,
,,,0.000298600000,   0.68000,
,,,0.000298700000,   0.66000,
,,,0.000298800000,   0.66000,
,,,0.000298900000,   0.70000,
,,,0.000299000000,   0.68000,
,,,0.000299100000,   0.68000,
,,,0.000299200000,   0.72000,
,,,0.000299300000,   0.66000,
,,,0.000299400000,   0.68000,
,,,0.000299500000,   0.70000,
,,,0.000299600000,   0.68000,
,,,0.000299700000,   0.70000,
,,,0.000299800000,   0.68000,
,,,0.000299900000,   0.70000,
,,,0.000300000000,   0.70000,
,,,0.000300100000,   0.72000,
,,,0.000300200000,   0.72000,
,,,0.000300300000,   0.72000,
,,,0.000300400000,   0.74000,
,,,0.000300500000,   0.74000,
,,,0.000300600000,   0.74000,
,,,0.000300700000,   0.74000,
,,,0.000300800000,   0.74000,
,,,0.000300900000,   0.72000,
,,,0.000301000000,   0.76000,
,,,0.000301100000,   0.74000,
,,,0.000301200000,   0.74000,
,,,0.000301300000,   0.72000,
,,,0.000301400000,   0.76000,
,,,0.000301500000,   0.76000,
,,,0.000301600000,   0.74000,
,,,0.000301700000,   0.76000,
,,,0.000301800000,   0.74000,
,,,0.000301900000,   0.78000,
,,,0.000302000000,   0.78000,
,,,0.000302100000,   0.78000,
,,,0.000302200000,   0.76000,
,,,0.000302300000,   0.78000,
,,,0.000302400000,   0.80000,
,,,0.000302500000,   0.80000,
,,,0.000302600000,   0.80000,
,,,0.000302700000,   0.80000,
,,,0.000302800000,   0.80000,
,,,0.000302900000,   0.82000,
,,,0.000303000000,   0.82000,
,,,0.000303100000,   0.82000,
,,,0.000303200000,   0.84000,
,,,0.000303300000,   0.80000,
,,,0.000303400000,   0.82000,
,,,0.000303500000,   0.84000,
,,,0.000303600000,   0.82000,
,,,0.000303700000,   0.82000,
,,,0.000303800000,   0.84000,
,,,0.000303900000,   0.84000,
,,,0.000304000000,   0.84000,
,,,0.000304100000,   0.82000,
,,,0.000304200000,   0.84000,
,,,0.000304300000,   0.86000,
,,,0.000304400000,   0.84000,
,,,0.000304500000,   0.86000,
,,,0.000304600000,   0.84000,
,,,0.000304700000,   0.84000,
,,,0.000304800000,   0.84000,
,,,0.000304900000,   0.84000,
,,,0.000305000000,   0.84000,
,,,0.000305100000,   0.88000,
,,,0.000305200000,   0.84000,
,,,0.000305300000,   0.88000,
,,,0.000305400000,   0.88000,
,,,0.000305500000,   0.88000,
,,,0.000305600000,   0.88000,
,,,0.000305700000,   0.86000,
,,,0.000305800000,   0.88000,
,,,0.000305900000,   0.88000,
,,,0.000306000000,   0.88000,
,,,0.000306100000,   0.86000,
,,,0.000306200000,   0.88000,
,,,0.000306300000,   0.88000,
,,,0.000306400000,   0.88000,
,,,0.000306500000,   0.90000,
,,,0.000306600000,   0.90000,
,,,0.000306700000,   0.92000,
,,,0.000306800000,   0.92000,
,,,0.000306900000,   0.92000,
,,,0.000307000000,   0.90000,
,,,0.000307100000,   0.88000,
,,,0.000307200000,   0.94000,
,,,0.000307300000,   0.90000,
,,,0.000307400000,   0.90000,
,,,0.000307500000,   0.92000,
,,,0.000307600000,   0.90000,
,,,0.000307700000,   0.92000,
,,,0.000307800000,   0.92000,
,,,0.000307900000,   0.94000,
,,,0.000308000000,   0.92000,
,,,0.000308100000,   0.94000,
,,,0.000308200000,   0.94000,
,,,0.000308300000,   0.92000,
,,,0.000308400000,   0.94000,
,,,0.000308500000,   0.96000,
,,,0.000308600000,   0.92000,
,,,0.000308700000,   0.94000,
,,,0.000308800000,   0.94000,
,,,0.000308900000,   0.92000,
,,,0.000309000000,   0.94000,
,,,0.000309100000,   0.94000,
,,,0.000309200000,   0.94000,
,,,0.000309300000,   0.92000,
,,,0.000309400000,   0.96000,
,,,0.000309500000,   0.94000,
,,,0.000309600000,   0.98000,
,,,0.000309700000,   0.96000,
,,,0.000309800000,   0.96000,
,,,0.000309900000,   0.96000,
,,,0.000310000000,   0.98000,
,,,0.000310100000,   0.96000,
,,,0.000310200000,   1.00000,
,,,0.000310300000,   0.96000,
,,,0.000310400000,   0.96000,
,,,0.000310500000,   0.98000,
,,,0.000310600000,   1.00000,
,,,0.000310700000,   0.98000,
,,,0.000310800000,   0.96000,
,,,0.000310900000,   0.98000,
,,,0.000311000000,   0.98000,
,,,0.000311100000,   0.96000,
,,,0.000311200000,   0.96000,
,,,0.000311300000,   1.00000,
,,,0.000311400000,   0.96000,
,,,0.000311500000,   0.98000,
,,,0.000311600000,   1.00000,
,,,0.000311700000,   1.00000,
,,,0.000311800000,   0.98000,
,,,0.000311900000,   0.98000,
,,,0.000312000000,   1.00000,
,,,0.000312100000,   1.00000,
,,,0.000312200000,   1.02000,
,,,0.000312300000,   1.00000,
,,,0.000312400000,   1.00000,
,,,0.000312500000,   0.98000,
,,,0.000312600000,   1.00000,
,,,0.000312700000,   0.98000,
,,,0.000312800000,   1.02000,
,,,0.000312900000,   1.00000,
,,,0.000313000000,   1.04000,
,,,0.000313100000,   1.02000,
,,,0.000313200000,   1.00000,
,,,0.000313300000,   1.00000,
,,,0.000313400000,   1.02000,
,,,0.000313500000,   1.00000,
,,,0.000313600000,   1.02000,
,,,0.000313700000,   1.02000,
,,,0.000313800000,   0.98000,
,,,0.000313900000,   1.02000,
,,,0.000314000000,   1.02000,
,,,0.000314100000,   1.00000,
,,,0.000314200000,   1.04000,
,,,0.000314300000,   1.02000,
,,,0.000314400000,   1.00000,
,,,0.000314500000,   1.00000,
,,,0.000314600000,   1.04000,
,,,0.000314700000,   1.02000,
,,,0.000314800000,   1.00000,
,,,0.000314900000,   1.02000,
,,,0.000315000000,   1.02000,
,,,0.000315100000,   1.00000,
,,,0.000315200000,   1.02000,
,,,0.000315300000,   1.04000,
,,,0.000315400000,   1.02000,
,,,0.000315500000,   1.02000,
,,,0.000315600000,   1.00000,
,,,0.000315700000,   1.02000,
,,,0.000315800000,   1.00000,
,,,0.000315900000,   1.04000,
,,,0.000316000000,   1.02000,
,,,0.000316100000,   1.02000,
,,,0.000316200000,   1.02000,
,,,0.000316300000,   1.06000,
,,,0.000316400000,   1.00000,
,,,0.000316500000,   1.02000,
,,,0.000316600000,   1.04000,
,,,0.000316700000,   1.04000,
,,,0.000316800000,   1.02000,
,,,0.000316900000,   1.06000,
,,,0.000317000000,   1.06000,
,,,0.000317100000,   1.04000,
,,,0.000317200000,   1.04000,
,,,0.000317300000,   1.04000,
,,,0.000317400000,   1.04000,
,,,0.000317500000,   1.06000,
,,,0.000317600000,   1.04000,
,,,0.000317700000,   1.04000,
,,,0.000317800000,   1.06000,
,,,0.000317900000,   1.04000,
,,,0.000318000000,   1.04000,
,,,0.000318100000,   1.02000,
,,,0.000318200000,   1.02000,
,,,0.000318300000,   1.04000,
,,,0.000318400000,   1.02000,
,,,0.000318500000,   1.02000,
,,,0.000318600000,   1.04000,
,,,0.000318700000,   1.04000,
,,,0.000318800000,   1.04000,
,,,0.000318900000,   1.02000,
,,,0.000319000000,   1.04000,
,,,0.000319100000,   1.02000,
,,,0.000319200000,   1.02000,
,,,0.000319300000,   1.04000,
,,,0.000319400000,   1.02000,
,,,0.000319500000,   1.04000,
,,,0.000319600000,   1.00000,
,,,0.000319700000,   1.06000,
,,,0.000319800000,   1.02000,
,,,0.000319900000,   1.02000,
,,,0.000320000000,   1.04000,
,,,0.000320100000,   1.04000,
,,,0.000320200000,   1.04000,
,,,0.000320300000,   1.02000,
,,,0.000320400000,   1.04000,
,,,0.000320500000,   1.04000,
,,,0.000320600000,   1.04000,
,,,0.000320700000,   1.04000,
,,,0.000320800000,   1.04000,
,,,0.000320900000,   1.06000,
,,,0.000321000000,   1.02000,
,,,0.000321100000,   1.02000,
,,,0.000321200000,   1.02000,
,,,0.000321300000,   1.00000,
,,,0.000321400000,   1.02000,
,,,0.000321500000,   1.02000,
,,,0.000321600000,   1.02000,
,,,0.000321700000,   1.06000,
,,,0.000321800000,   1.02000,
,,,0.000321900000,   1.02000,
,,,0.000322000000,   1.02000,
,,,0.000322100000,   1.02000,
,,,0.000322200000,   1.02000,
,,,0.000322300000,   1.00000,
,,,0.000322400000,   1.00000,
,,,0.000322500000,   1.02000,
,,,0.000322600000,   1.02000,
,,,0.000322700000,   1.04000,
,,,0.000322800000,   1.00000,
,,,0.000322900000,   1.02000,
,,,0.000323000000,   1.04000,
,,,0.000323100000,   1.00000,
,,,0.000323200000,   1.00000,
,,,0.000323300000,   1.02000,
,,,0.000323400000,   1.02000,
,,,0.000323500000,   1.00000,
,,,0.000323600000,   1.02000,
,,,0.000323700000,   1.00000,
,,,0.000323800000,   1.02000,
,,,0.000323900000,   1.00000,
,,,0.000324000000,   1.02000,
,,,0.000324100000,   1.02000,
,,,0.000324200000,   1.00000,
,,,0.000324300000,   1.00000,
,,,0.000324400000,   1.00000,
,,,0.000324500000,   1.00000,
,,,0.000324600000,   0.98000,
,,,0.000324700000,   0.98000,
,,,0.000324800000,   1.00000,
,,,0.000324900000,   1.00000,
,,,0.000325000000,   0.98000,
,,,0.000325100000,   1.00000,
,,,0.000325200000,   0.98000,
,,,0.000325300000,   0.98000,
,,,0.000325400000,   1.00000,
,,,0.000325500000,   0.98000,
,,,0.000325600000,   0.98000,
,,,0.000325700000,   0.98000,
,,,0.000325800000,   0.96000,
,,,0.000325900000,   0.98000,
,,,0.000326000000,   0.96000,
,,,0.000326100000,   0.96000,
,,,0.000326200000,   1.00000,
,,,0.000326300000,   0.96000,
,,,0.000326400000,   0.96000,
,,,0.000326500000,   0.96000,
,,,0.000326600000,   0.96000,
,,,0.000326700000,   0.94000,
,,,0.000326800000,   0.98000,
,,,0.000326900000,   0.94000,
,,,0.000327000000,   0.96000,
,,,0.000327100000,   0.94000,
,,,0.000327200000,   0.94000,
,,,0.000327300000,   0.98000,
,,,0.000327400000,   0.94000,
,,,0.000327500000,   0.94000,
,,,0.000327600000,   0.94000,
,,,0.000327700000,   0.96000,
,,,0.000327800000,   0.96000,
,,,0.000327900000,   0.92000,
,,,0.000328000000,   0.96000,
,,,0.000328100000,   0.94000,
,,,0.000328200000,   0.94000,
,,,0.000328300000,   0.96000,
,,,0.000328400000,   0.92000,
,,,0.000328500000,   0.92000,
,,,0.000328600000,   0.94000,
,,,0.000328700000,   0.92000,
,,,0.000328800000,   0.90000,
,,,0.000328900000,   0.94000,
,,,0.000329000000,   0.90000,
,,,0.000329100000,   0.92000,
,,,0.000329200000,   0.92000,
,,,0.000329300000,   0.92000,
,,,0.000329400000,   0.92000,
,,,0.000329500000,   0.88000,
,,,0.000329600000,   0.92000,
,,,0.000329700000,   0.90000,
,,,0.000329800000,   0.92000,
,,,0.000329900000,   0.92000,
,,,0.000330000000,   0.92000,
,,,0.000330100000,   0.90000,
,,,0.000330200000,   0.92000,
,,,0.000330300000,   0.92000,
,,,0.000330400000,   0.92000,
,,,0.000330500000,   0.90000,
,,,0.000330600000,   0.86000,
,,,0.000330700000,   0.90000,
,,,0.000330800000,   0.92000,
,,,0.000330900000,   0.88000,
,,,0.000331000000,   0.88000,
,,,0.000331100000,   0.88000,
,,,0.000331200000,   0.86000,
,,,0.000331300000,   0.86000,
,,,0.000331400000,   0.86000,
,,,0.000331500000,   0.86000,
,,,0.000331600000,   0.86000,
,,,0.000331700000,   0.86000,
,,,0.000331800000,   0.88000,
,,,0.000331900000,   0.86000,
,,,0.000332000000,   0.86000,
,,,0.000332100000,   0.86000,
,,,0.000332200000,   0.86000,
,,,0.000332300000,   0.86000,
,,,0.000332400000,   0.84000,
,,,0.000332500000,   0.86000,
,,,0.000332600000,   0.88000,
,,,0.000332700000,   0.84000,
,,,0.000332800000,   0.84000,
,,,0.000332900000,   0.86000,
,,,0.000333000000,   0.80000,
,,,0.000333100000,   0.84000,
,,,0.000333200000,   0.84000,
,,,0.000333300000,   0.82000,
,,,0.000333400000,   0.80000,
,,,0.000333500000,   0.82000,
,,,0.000333600000,   0.80000,
,,,0.000333700000,   0.82000,
,,,0.000333800000,   0.80000,
,,,0.000333900000,   0.80000,
,,,0.000334000000,   0.82000,
,,,0.000334100000,   0.80000,
,,,0.000334200000,   0.78000,
,,,0.000334300000,   0.82000,
,,,0.000334400000,   0.76000,
,,,0.000334500000,   0.80000,
,,,0.000334600000,   0.78000,
,,,0.000334700000,   0.78000,
,,,0.000334800000,   0.78000,
,,,0.000334900000,   0.80000,
,,,0.000335000000,   0.76000,
,,,0.000335100000,   0.78000,
,,,0.000335200000,   0.76000,
,,,0.000335300000,   0.76000,
,,,0.000335400000,   0.74000,
,,,0.000335500000,   0.74000,
,,,0.000335600000,   0.76000,
,,,0.000335700000,   0.74000,
,,,0.000335800000,   0.78000,
,,,0.000335900000,   0.76000,
,,,0.000336000000,   0.72000,
,,,0.000336100000,   0.74000,
,,,0.000336200000,   0.74000,
,,,0.000336300000,   0.74000,
,,,0.000336400000,   0.70000,
,,,0.000336500000,   0.74000,
,,,0.000336600000,   0.72000,
,,,0.000336700000,   0.72000,
,,,0.000336800000,   0.72000,
,,,0.000336900000,   0.72000,
,,,0.000337000000,   0.72000,
,,,0.000337100000,   0.72000,
,,,0.000337200000,   0.72000,
,,,0.000337300000,   0.68000,
,,,0.000337400000,   0.70000,
,,,0.000337500000,   0.68000,
,,,0.000337600000,   0.72000,
,,,0.000337700000,   0.70000,
,,,0.000337800000,   0.70000,
,,,0.000337900000,   0.68000,
,,,0.000338000000,   0.68000,
,,,0.000338100000,   0.68000,
,,,0.000338200000,   0.68000,
,,,0.000338300000,   0.66000,
,,,0.000338400000,   0.64000,
,,,0.000338500000,   0.68000,
,,,0.000338600000,   0.66000,
,,,0.000338700000,   0.64000,
,,,0.000338800000,   0.66000,
,,,0.000338900000,   0.64000,
,,,0.000339000000,   0.64000,
,,,0.000339100000,   0.66000,
,,,0.000339200000,   0.62000,
,,,0.000339300000,   0.64000,
,,,0.000339400000,   0.62000,
,,,0.000339500000,   0.64000,
,,,0.000339600000,   0.64000,
,,,0.000339700000,   0.64000,
,,,0.000339800000,   0.62000,
,,,0.000339900000,   0.62000,
,,,0.000340000000,   0.62000,
,,,0.000340100000,   0.62000,
,,,0.000340200000,   0.60000,
,,,0.000340300000,   0.62000,
,,,0.000340400000,   0.58000,
,,,0.000340500000,   0.60000,
,,,0.000340600000,   0.60000,
,,,0.000340700000,   0.58000,
,,,0.000340800000,   0.56000,
,,,0.000340900000,   0.58000,
,,,0.000341000000,   0.58000,
,,,0.000341100000,   0.58000,
,,,0.000341200000,   0.58000,
,,,0.000341300000,   0.54000,
,,,0.000341400000,   0.52000,
,,,0.000341500000,   0.56000,
,,,0.000341600000,   0.58000,
,,,0.000341700000,   0.56000,
,,,0.000341800000,   0.52000,
,,,0.000341900000,   0.50000,
,,,0.000342000000,   0.56000,
,,,0.000342100000,   0.54000,
,,,0.000342200000,   0.52000,
,,,0.000342300000,   0.52000,
,,,0.000342400000,   0.52000,
,,,0.000342500000,   0.54000,
,,,0.000342600000,   0.50000,
,,,0.000342700000,   0.52000,
,,,0.000342800000,   0.52000,
,,,0.000342900000,   0.48000,
,,,0.000343000000,   0.50000,
,,,0.000343100000,   0.50000,
,,,0.000343200000,   0.48000,
,,,0.000343300000,   0.48000,
,,,0.000343400000,   0.48000,
,,,0.000343500000,   0.48000,
,,,0.000343600000,   0.48000,
,,,0.000343700000,   0.48000,
,,,0.000343800000,   0.48000,
,,,0.000343900000,   0.46000,
,,,0.000344000000,   0.46000,
,,,0.000344100000,   0.46000,
,,,0.000344200000,   0.46000,
,,,0.000344300000,   0.42000,
,,,0.000344400000,   0.44000,
,,,0.000344500000,   0.42000,
,,,0.000344600000,   0.44000,
,,,0.000344700000,   0.42000,
,,,0.000344800000,   0.40000,
,,,0.000344900000,   0.42000,
,,,0.000345000000,   0.44000,
,,,0.000345100000,   0.42000,
,,,0.000345200000,   0.40000,
,,,0.000345300000,   0.40000,
,,,0.000345400000,   0.40000,
,,,0.000345500000,   0.38000,
,,,0.000345600000,   0.38000,
,,,0.000345700000,   0.40000,
,,,0.000345800000,   0.38000,
,,,0.000345900000,   0.36000,
,,,0.000346000000,   0.40000,
,,,0.000346100000,   0.38000,
,,,0.000346200000,   0.38000,
,,,0.000346300000,   0.34000,
,,,0.000346400000,   0.36000,
,,,0.000346500000,   0.34000,
,,,0.000346600000,   0.36000,
,,,0.000346700000,   0.34000,
,,,0.000346800000,   0.34000,
,,,0.000346900000,   0.32000,
,,,0.000347000000,   0.32000,
,,,0.000347100000,   0.32000,
,,,0.000347200000,   0.32000,
,,,0.000347300000,   0.32000,
,,,0.000347400000,   0.30000,
,,,0.000347500000,   0.32000,
,,,0.000347600000,   0.30000,
,,,0.000347700000,   0.32000,
,,,0.000347800000,   0.30000,
,,,0.000347900000,   0.30000,
,,,0.000348000000,   0.30000,
,,,0.000348100000,   0.30000,
,,,0.000348200000,   0.26000,
,,,0.000348300000,   0.28000,
,,,0.000348400000,   0.28000,
,,,0.000348500000,   0.26000,
,,,0.000348600000,   0.24000,
,,,0.000348700000,   0.26000,
,,,0.000348800000,   0.24000,
,,,0.000348900000,   0.28000,
,,,0.000349000000,   0.22000,
,,,0.000349100000,   0.24000,
,,,0.000349200000,   0.26000,
,,,0.000349300000,   0.24000,
,,,0.000349400000,   0.22000,
,,,0.000349500000,   0.24000,
,,,0.000349600000,   0.20000,
,,,0.000349700000,   0.24000,
,,,0.000349800000,   0.22000,
,,,0.000349900000,   0.20000,
,,,0.000350000000,   0.18000,
,,,0.000350100000,   0.22000,
,,,0.000350200000,   0.20000,
,,,0.000350300000,   0.20000,
,,,0.000350400000,   0.20000,
,,,0.000350500000,   0.20000,
,,,0.000350600000,   0.20000,
,,,0.000350700000,   0.16000,
,,,0.000350800000,   0.16000,
,,,0.000350900000,   0.16000,
,,,0.000351000000,   0.16000,
,,,0.000351100000,   0.16000,
,,,0.000351200000,   0.14000,
,,,0.000351300000,   0.16000,
,,,0.000351400000,   0.16000,
,,,0.000351500000,   0.14000,
,,,0.000351600000,   0.14000,
,,,0.000351700000,   0.12000,
,,,0.000351800000,   0.12000,
,,,0.000351900000,   0.12000,
,,,0.000352000000,   0.12000,
,,,0.000352100000,   0.10000,
,,,0.000352200000,   0.10000,
,,,0.000352300000,   0.10000,
,,,0.000352400000,   0.10000,
,,,0.000352500000,   0.10000,
,,,0.000352600000,   0.10000,
,,,0.000352700000,   0.10000,
,,,0.000352800000,   0.08000,
,,,0.000352900000,   0.06000,
,,,0.000353000000,   0.08000,
,,,0.000353100000,   0.08000,
,,,0.000353200000,   0.04000,
,,,0.000353300000,   0.06000,
,,,0.000353400000,   0.06000,
,,,0.000353500000,   0.08000,
,,,0.000353600000,   0.06000,
,,,0.000353700000,   0.04000,
,,,0.000353800000,   0.06000,
,,,0.000353900000,   0.04000,
,,,0.000354000000,   0.02000,
,,,0.000354100000,   0.02000,
,,,0.000354200000,   0.02000,
,,,0.000354300000,   0.02000,
,,,0.000354400000,  -0.02000,
,,,0.000354500000,   0.00000,
,,,0.000354600000,   0.02000,
,,,0.000354700000,  -0.04000,
,,,0.000354800000,  -0.04000,
,,,0.000354900000,  -0.02000,
,,,0.000355000000,  -0.04000,
,,,0.000355100000,   0.00000,
,,,0.000355200000,  -0.04000,
,,,0.000355300000,  -0.04000,
,,,0.000355400000,  -0.02000,
,,,0.000355500000,  -0.04000,
,,,0.000355600000,  -0.04000,
,,,0.000355700000,  -0.06000,
,,,0.000355800000,  -0.08000,
,,,0.000355900000,  -0.08000,
,,,0.000356000000,  -0.06000,
,,,0.000356100000,  -0.08000,
,,,0.000356200000,  -0.08000,
,,,0.000356300000,  -0.08000,
,,,0.000356400000,  -0.10000,
,,,0.000356500000,  -0.10000,
,,,0.000356600000,  -0.10000,
,,,0.000356700000,  -0.10000,
,,,0.000356800000,  -0.08000,
,,,0.000356900000,  -0.12000,
,,,0.000357000000,  -0.10000,
,,,0.000357100000,  -0.10000,
,,,0.000357200000,  -0.12000,
,,,0.000357300000,  -0.16000,
,,,0.000357400000,  -0.12000,
,,,0.000357500000,  -0.14000,
,,,0.000357600000,  -0.14000,
,,,0.000357700000,  -0.14000,
,,,0.000357800000,  -0.16000,
,,,0.000357900000,  -0.16000,
,,,0.000358000000,  -0.12000,
,,,0.000358100000,  -0.18000,
,,,0.000358200000,  -0.14000,
,,,0.000358300000,  -0.16000,
,,,0.000358400000,  -0.18000,
,,,0.000358500000,  -0.20000,
,,,0.000358600000,  -0.20000,
,,,0.000358700000,  -0.20000,
,,,0.000358800000,  -0.20000,
,,,0.000358900000,  -0.20000,
,,,0.000359000000,  -0.20000,
,,,0.000359100000,  -0.18000,
,,,0.000359200000,  -0.20000,
,,,0.000359300000,  -0.18000,
,,,0.000359400000,  -0.20000,
,,,0.000359500000,  -0.20000,
,,,0.000359600000,  -0.24000,
,,,0.000359700000,  -0.22000,
,,,0.000359800000,  -0.24000,
,,,0.000359900000,  -0.24000,
,,,0.000360000000,  -0.24000,
,,,0.000360100000,  -0.26000,
,,,0.000360200000,  -0.26000,
,,,0.000360300000,  -0.26000,
,,,0.000360400000,  -0.26000,
,,,0.000360500000,  -0.26000,
,,,0.000360600000,  -0.26000,
,,,0.000360700000,  -0.30000,
,,,0.000360800000,  -0.30000,
,,,0.000360900000,  -0.30000,
,,,0.000361000000,  -0.32000,
,,,0.000361100000,  -0.34000,
,,,0.000361200000,  -0.30000,
,,,0.000361300000,  -0.28000,
,,,0.000361400000,  -0.30000,
,,,0.000361500000,  -0.32000,
,,,0.000361600000,  -0.28000,
,,,0.000361700000,  -0.30000,
,,,0.000361800000,  -0.32000,
,,,0.000361900000,  -0.34000,
,,,0.000362000000,  -0.34000,
,,,0.000362100000,  -0.32000,
,,,0.000362200000,  -0.34000,
,,,0.000362300000,  -0.32000,
,,,0.000362400000,  -0.36000,
,,,0.000362500000,  -0.34000,
,,,0.000362600000,  -0.32000,
,,,0.000362700000,  -0.38000,
,,,0.000362800000,  -0.36000,
,,,0.000362900000,  -0.36000,
,,,0.000363000000,  -0.38000,
,,,0.000363100000,  -0.38000,
,,,0.000363200000,  -0.38000,
,,,0.000363300000,  -0.36000,
,,,0.000363400000,  -0.38000,
,,,0.000363500000,  -0.38000,
,,,0.000363600000,  -0.38000,
,,,0.000363700000,  -0.40000,
,,,0.000363800000,  -0.42000,
,,,0.000363900000,  -0.38000,
,,,0.000364000000,  -0.40000,
,,,0.000364100000,  -0.42000,
,,,0.000364200000,  -0.42000,
,,,0.000364300000,  -0.46000,
,,,0.000364400000,  -0.44000,
,,,0.000364500000,  -0.44000,
,,,0.000364600000,  -0.44000,
,,,0.000364700000,  -0.46000,
,,,0.000364800000,  -0.44000,
,,,0.000364900000,  -0.46000,
,,,0.000365000000,  -0.44000,
,,,0.000365100000,  -0.46000,
,,,0.000365200000,  -0.44000,
,,,0.000365300000,  -0.48000,
,,,0.000365400000,  -0.50000,
,,,0.000365500000,  -0.46000,
,,,0.000365600000,  -0.48000,
,,,0.000365700000,  -0.50000,
,,,0.000365800000,  -0.48000,
,,,0.000365900000,  -0.48000,
,,,0.000366000000,  -0.46000,
,,,0.000366100000,  -0.52000,
,,,0.000366200000,  -0.50000,
,,,0.000366300000,  -0.52000,
,,,0.000366400000,  -0.52000,
,,,0.000366500000,  -0.52000,
,,,0.000366600000,  -0.52000,
,,,0.000366700000,  -0.54000,
,,,0.000366800000,  -0.54000,
,,,0.000366900000,  -0.54000,
,,,0.000367000000,  -0.56000,
,,,0.000367100000,  -0.54000,
,,,0.000367200000,  -0.56000,
,,,0.000367300000,  -0.54000,
,,,0.000367400000,  -0.54000,
,,,0.000367500000,  -0.54000,
,,,0.000367600000,  -0.56000,
,,,0.000367700000,  -0.56000,
,,,0.000367800000,  -0.56000,
,,,0.000367900000,  -0.58000,
,,,0.000368000000,  -0.56000,
,,,0.000368100000,  -0.58000,
,,,0.000368200000,  -0.54000,
,,,0.000368300000,  -0.60000,
,,,0.000368400000,  -0.58000,
,,,0.000368500000,  -0.58000,
,,,0.000368600000,  -0.60000,
,,,0.000368700000,  -0.60000,
,,,0.000368800000,  -0.58000,
,,,0.000368900000,  -0.62000,
,,,0.000369000000,  -0.58000,
,,,0.000369100000,  -0.62000,
,,,0.000369200000,  -0.62000,
,,,0.000369300000,  -0.60000,
,,,0.000369400000,  -0.62000,
,,,0.000369500000,  -0.62000,
,,,0.000369600000,  -0.62000,
,,,0.000369700000,  -0.62000,
,,,0.000369800000,  -0.62000,
,,,0.000369900000,  -0.60000,
,,,0.000370000000,  -0.60000,
,,,0.000370100000,  -0.64000,
,,,0.000370200000,  -0.66000,
,,,0.000370300000,  -0.64000,
,,,0.000370400000,  -0.64000,
,,,0.000370500000,  -0.68000,
,,,0.000370600000,  -0.68000,
,,,0.000370700000,  -0.68000,
,,,0.000370800000,  -0.68000,
,,,0.000370900000,  -0.68000,
,,,0.000371000000,  -0.68000,
,,,0.000371100000,  -0.68000,
,,,0.000371200000,  -0.70000,
,,,0.000371300000,  -0.68000,
,,,0.000371400000,  -0.68000,
,,,0.000371500000,  -0.70000,
,,,0.000371600000,  -0.68000,
,,,0.000371700000,  -0.70000,
,,,0.000371800000,  -0.70000,
,,,0.000371900000,  -0.68000,
,,,0.000372000000,  -0.70000,
,,,0.000372100000,  -0.72000,
,,,0.000372200000,  -0.70000,
,,,0.000372300000,  -0.72000,
,,,0.000372400000,  -0.70000,
,,,0.000372500000,  -0.70000,
,,,0.000372600000,  -0.72000,
,,,0.000372700000,  -0.72000,
,,,0.000372800000,  -0.70000,
,,,0.000372900000,  -0.76000,
,,,0.000373000000,  -0.74000,
,,,0.000373100000,  -0.76000,
,,,0.000373200000,  -0.74000,
,,,0.000373300000,  -0.76000,
,,,0.000373400000,  -0.76000,
,,,0.000373500000,  -0.76000,
,,,0.000373600000,  -0.74000,
,,,0.000373700000,  -0.76000,
,,,0.000373800000,  -0.78000,
,,,0.000373900000,  -0.76000,
,,,0.000374000000,  -0.78000,
,,,0.000374100000,  -0.76000,
,,,0.000374200000,  -0.80000,
,,,0.000374300000,  -0.78000,
,,,0.000374400000,  -0.78000,
,,,0.000374500000,  -0.78000,
,,,0.000374600000,  -0.78000,
,,,0.000374700000,  -0.78000,
,,,0.000374800000,  -0.78000,
,,,0.000374900000,  -0.78000,
,,,0.000375000000,  -0.82000,
,,,0.000375100000,  -0.80000,
,,,0.000375200000,  -0.84000,
,,,0.000375300000,  -0.80000,
,,,0.000375400000,  -0.80000,
,,,0.000375500000,  -0.82000,
,,,0.000375600000,  -0.82000,
,,,0.000375700000,  -0.78000,
,,,0.000375800000,  -0.84000,
,,,0.000375900000,  -0.80000,
,,,0.000376000000,  -0.82000,
,,,0.000376100000,  -0.80000,
,,,0.000376200000,  -0.84000,
,,,0.000376300000,  -0.84000,
,,,0.000376400000,  -0.82000,
,,,0.000376500000,  -0.82000,
,,,0.000376600000,  -0.84000,
,,,0.000376700000,  -0.86000,
,,,0.000376800000,  -0.84000,
,,,0.000376900000,  -0.86000,
,,,0.000377000000,  -0.84000,
,,,0.000377100000,  -0.88000,
,,,0.000377200000,  -0.82000,
,,,0.000377300000,  -0.84000,
,,,0.000377400000,  -0.84000,
,,,0.000377500000,  -0.84000,
,,,0.000377600000,  -0.86000,
,,,0.000377700000,  -0.86000,
,,,0.000377800000,  -0.86000,
,,,0.000377900000,  -0.86000,
,,,0.000378000000,  -0.90000,
,,,0.000378100000,  -0.84000,
,,,0.000378200000,  -0.88000,
,,,0.000378300000,  -0.88000,
,,,0.000378400000,  -0.88000,
,,,0.000378500000,  -0.90000,
,,,0.000378600000,  -0.90000,
,,,0.000378700000,  -0.90000,
,,,0.000378800000,  -0.90000,
,,,0.000378900000,  -0.88000,
,,,0.000379000000,  -0.90000,
,,,0.000379100000,  -0.88000,
,,,0.000379200000,  -0.88000,
,,,0.000379300000,  -0.90000,
,,,0.000379400000,  -0.88000,
,,,0.000379500000,  -0.88000,
,,,0.000379600000,  -0.90000,
,,,0.000379700000,  -0.90000,
,,,0.000379800000,  -0.88000,
,,,0.000379900000,  -0.92000,
,,,0.000380000000,  -0.90000,
,,,0.000380100000,  -0.94000,
,,,0.000380200000,  -0.88000,
,,,0.000380300000,  -0.90000,
,,,0.000380400000,  -0.92000,
,,,0.000380500000,  -0.92000,
,,,0.000380600000,  -0.92000,
,,,0.000380700000,  -0.94000,
,,,0.000380800000,  -0.92000,
,,,0.000380900000,  -0.96000,
,,,0.000381000000,  -0.94000,
,,,0.000381100000,  -0.94000,
,,,0.000381200000,  -0.94000,
,,,0.000381300000,  -0.94000,
,,,0.000381400000,  -0.94000,
,,,0.000381500000,  -0.92000,
,,,0.000381600000,  -0.90000,
,,,0.000381700000,  -0.94000,
,,,0.000381800000,  -0.94000,
,,,0.000381900000,  -0.94000,
,,,0.000382000000,  -0.94000,
,,,0.000382100000,  -0.94000,
,,,0.000382200000,  -0.92000,
,,,0.000382300000,  -0.94000,
,,,0.000382400000,  -0.92000,
,,,0.000382500000,  -0.98000,
,,,0.000382600000,  -0.94000,
,,,0.000382700000,  -0.94000,
,,,0.000382800000,  -0.96000,
,,,0.000382900000,  -0.96000,
,,,0.000383000000,  -0.96000,
,,,0.000383100000,  -0.94000,
,,,0.000383200000,  -0.94000,
,,,0.000383300000,  -0.96000,
,,,0.000383400000,  -0.94000,
,,,0.000383500000,  -0.94000,
,,,0.000383600000,  -0.96000,
,,,0.000383700000,  -0.96000,
,,,0.000383800000,  -0.98000,
,,,0.000383900000,  -0.98000,
,,,0.000384000000,  -0.98000,
,,,0.000384100000,  -0.98000,
,,,0.000384200000,  -0.98000,
,,,0.000384300000,  -0.96000,
,,,0.000384400000,  -0.98000,
,,,0.000384500000,  -1.00000,
,,,0.000384600000,  -0.98000,
,,,0.000384700000,  -0.98000,
,,,0.000384800000,  -1.00000,
,,,0.000384900000,  -1.00000,
,,,0.000385000000,  -0.98000,
,,,0.000385100000,  -0.98000,
,,,0.000385200000,  -0.98000,
,,,0.000385300000,  -0.98000,
,,,0.000385400000,  -1.00000,
,,,0.000385500000,  -1.00000,
,,,0.000385600000,  -0.98000,
,,,0.000385700000,  -1.00000,
,,,0.000385800000,  -0.98000,
,,,0.000385900000,  -0.98000,
,,,0.000386000000,  -0.96000,
,,,0.000386100000,  -0.98000,
,,,0.000386200000,  -0.98000,
,,,0.000386300000,  -0.98000,
,,,0.000386400000,  -1.00000,
,,,0.000386500000,  -1.00000,
,,,0.000386600000,  -1.00000,
,,,0.000386700000,  -1.00000,
,,,0.000386800000,  -1.00000,
,,,0.000386900000,  -1.00000,
,,,0.000387000000,  -1.02000,
,,,0.000387100000,  -0.98000,
,,,0.000387200000,  -1.00000,
,,,0.000387300000,  -0.98000,
,,,0.000387400000,  -1.00000,
,,,0.000387500000,  -1.00000,
,,,0.000387600000,  -1.00000,
,,,0.000387700000,  -0.98000,
,,,0.000387800000,  -1.02000,
,,,0.000387900000,  -1.00000,
,,,0.000388000000,  -0.98000,
,,,0.000388100000,  -1.00000,
,,,0.000388200000,  -1.00000,
,,,0.000388300000,  -0.98000,
,,,0.000388400000,  -1.00000,
,,,0.000388500000,  -1.00000,
,,,0.000388600000,  -1.00000,
,,,0.000388700000,  -1.00000,
,,,0.000388800000,  -1.00000,
,,,0.000388900000,  -1.00000,
,,,0.000389000000,  -1.00000,
,,,0.000389100000,  -1.00000,
,,,0.000389200000,  -1.00000,
,,,0.000389300000,  -1.02000,
,,,0.000389400000,  -1.00000,
,,,0.000389500000,  -1.00000,
,,,0.000389600000,  -1.02000,
,,,0.000389700000,  -0.98000,
,,,0.000389800000,  -0.98000,
,,,0.000389900000,  -1.00000,
,,,0.000390000000,  -1.02000,
,,,0.000390100000,  -0.98000,
,,,0.000390200000,  -1.00000,
,,,0.000390300000,  -1.00000,
,,,0.000390400000,  -1.00000,
,,,0.000390500000,  -1.00000,
,,,0.000390600000,  -1.02000,
,,,0.000390700000,  -1.00000,
,,,0.000390800000,  -1.00000,
,,,0.000390900000,  -1.00000,
,,,0.000391000000,  -1.00000,
,,,0.000391100000,  -1.02000,
,,,0.000391200000,  -1.00000,
,,,0.000391300000,  -1.02000,
,,,0.000391400000,  -1.02000,
,,,0.000391500000,  -0.98000,
,,,0.000391600000,  -1.00000,
,,,0.000391700000,  -1.00000,
,,,0.000391800000,  -1.00000,
,,,0.000391900000,  -1.02000,
,,,0.000392000000,  -1.02000,
,,,0.000392100000,  -1.00000,
,,,0.000392200000,  -0.98000,
,,,0.000392300000,  -0.98000,
,,,0.000392400000,  -1.02000,
,,,0.000392500000,  -1.00000,
,,,0.000392600000,  -0.96000,
,,,0.000392700000,  -1.00000,
,,,0.000392800000,  -0.98000,
,,,0.000392900000,  -1.00000,
,,,0.000393000000,  -1.00000,
,,,0.000393100000,  -0.96000,
,,,0.000393200000,  -1.00000,
,,,0.000393300000,  -0.98000,
,,,0.000393400000,  -0.98000,
,,,0.000393500000,  -1.02000,
,,,0.000393600000,  -1.02000,
,,,0.000393700000,  -0.98000,
,,,0.000393800000,  -0.98000,
,,,0.000393900000,  -0.98000,
,,,0.000394000000,  -1.02000,
,,,0.000394100000,  -0.98000,
,,,0.000394200000,  -1.00000,
,,,0.000394300000,  -1.00000,
,,,0.000394400000,  -0.98000,
,,,0.000394500000,  -0.98000,
,,,0.000394600000,  -1.00000,
,,,0.000394700000,  -0.98000,
,,,0.000394800000,  -1.00000,
,,,0.000394900000,  -0.98000,
,,,0.000395000000,  -1.00000,
,,,0.000395100000,  -0.98000,
,,,0.000395200000,  -0.98000,
,,,0.000395300000,  -1.00000,
,,,0.000395400000,  -0.98000,
,,,0.000395500000,  -0.96000,
,,,0.000395600000,  -0.96000,
,,,0.000395700000,  -0.98000,
,,,0.000395800000,  -0.98000,
,,,0.000395900000,  -0.96000,
,,,0.000396000000,  -0.98000,
,,,0.000396100000,  -0.98000,
,,,0.000396200000,  -0.96000,
,,,0.000396300000,  -0.96000,
,,,0.000396400000,  -0.96000,
,,,0.000396500000,  -0.98000,
,,,0.000396600000,  -0.96000,
,,,0.000396700000,  -0.96000,
,,,0.000396800000,  -0.96000,
,,,0.000396900000,  -0.96000,
,,,0.000397000000,  -0.92000,
,,,0.000397100000,  -0.96000,
,,,0.000397200000,  -0.94000,
,,,0.000397300000,  -0.96000,
,,,0.000397400000,  -0.94000,
,,,0.000397500000,  -0.94000,
,,,0.000397600000,  -0.94000,
,,,0.000397700000,  -0.94000,
,,,0.000397800000,  -0.96000,
,,,0.000397900000,  -0.92000,
,,,0.000398000000,  -0.92000,
,,,0.000398100000,  -0.94000,
,,,0.000398200000,  -0.92000,
,,,0.000398300000,  -0.94000,
,,,0.000398400000,  -0.94000,
,,,0.000398500000,  -0.94000,
,,,0.000398600000,  -0.94000,
,,,0.000398700000,  -0.92000,
,,,0.000398800000,  -0.92000,
,,,0.000398900000,  -0.96000,
,,,0.000399000000,  -0.94000,
,,,0.000399100000,  -0.92000,
,,,0.000399200000,  -0.94000,
,,,0.000399300000,  -0.92000,
,,,0.000399400000,  -0.92000,
,,,0.000399500000,  -0.90000,
,,,0.000399600000,  -0.88000,
,,,0.000399700000,  -0.90000,
,,,0.000399800000,  -0.90000,
,,,0.000399900000,  -0.90000,
,,,0.000400000000,  -0.88000,
,,,0.000400100000,  -0.88000,
,,,0.000400200000,  -0.90000,
,,,0.000400300000,  -0.90000,
,,,0.000400400000,  -0.88000,
,,,0.000400500000,  -0.88000,
,,,0.000400600000,  -0.88000,
,,,0.000400700000,  -0.90000,
,,,0.000400800000,  -0.90000,
,,,0.000400900000,  -0.88000,
,,,0.000401000000,  -0.88000,
,,,0.000401100000,  -0.88000,
,,,0.000401200000,  -0.90000,
,,,0.000401300000,  -0.88000,
,,,0.000401400000,  -0.88000,
,,,0.000401500000,  -0.88000,
,,,0.000401600000,  -0.90000,
,,,0.000401700000,  -0.88000,
,,,0.000401800000,  -0.88000,
,,,0.000401900000,  -0.86000,
,,,0.000402000000,  -0.84000,
,,,0.000402100000,  -0.84000,
,,,0.000402200000,  -0.82000,
,,,0.000402300000,  -0.86000,
,,,0.000402400000,  -0.84000,
,,,0.000402500000,  -0.82000,
,,,0.000402600000,  -0.86000,
,,,0.000402700000,  -0.86000,
,,,0.000402800000,  -0.84000,
,,,0.000402900000,  -0.84000,
,,,0.000403000000,  -0.82000,
,,,0.000403100000,  -0.84000,
,,,0.000403200000,  -0.80000,
,,,0.000403300000,  -0.82000,
,,,0.000403400000,  -0.84000,
,,,0.000403500000,  -0.82000,
,,,0.000403600000,  -0.80000,
,,,0.000403700000,  -0.82000,
,,,0.000403800000,  -0.82000,
,,,0.000403900000,  -0.82000,
,,,0.000404000000,  -0.80000,
,,,0.000404100000,  -0.84000,
,,,0.000404200000,  -0.80000,
,,,0.000404300000,  -0.80000,
,,,0.000404400000,  -0.80000,
,,,0.000404500000,  -0.78000,
,,,0.000404600000,  -0.78000,
,,,0.000404700000,  -0.80000,
,,,0.000404800000,  -0.80000,
,,,0.000404900000,  -0.82000,
,,,0.000405000000,  -0.82000,
,,,0.000405100000,  -0.78000,
,,,0.000405200000,  -0.80000,
,,,0.000405300000,  -0.78000,
,,,0.000405400000,  -0.76000,
,,,0.000405500000,  -0.76000,
,,,0.000405600000,  -0.76000,
,,,0.000405700000,  -0.76000,
,,,0.000405800000,  -0.76000,
,,,0.000405900000,  -0.78000,
,,,0.000406000000,  -0.76000,
,,,0.000406100000,  -0.78000,
,,,0.000406200000,  -0.76000,
,,,0.000406300000,  -0.76000,
,,,0.000406400000,  -0.78000,
,,,0.000406500000,  -0.76000,
,,,0.000406600000,  -0.76000,
,,,0.000406700000,  -0.76000,
,,,0.000406800000,  -0.74000,
,,,0.000406900000,  -0.74000,
,,,0.000407000000,  -0.72000,
,,,0.000407100000,  -0.72000,
,,,0.000407200000,  -0.74000,
,,,0.000407300000,  -0.70000,
,,,0.000407400000,  -0.70000,
,,,0.000407500000,  -0.70000,
,,,0.000407600000,  -0.74000,
,,,0.000407700000,  -0.70000,
,,,0.000407800000,  -0.68000,
,,,0.000407900000,  -0.70000,
,,,0.000408000000,  -0.70000,
,,,0.000408100000,  -0.68000,
,,,0.000408200000,  -0.68000,
,,,0.000408300000,  -0.68000,
,,,0.000408400000,  -0.70000,
,,,0.000408500000,  -0.68000,
,,,0.000408600000,  -0.66000,
,,,0.000408700000,  -0.70000,
,,,0.000408800000,  -0.66000,
,,,0.000408900000,  -0.66000,
,,,0.000409000000,  -0.64000,
,,,0.000409100000,  -0.64000,
,,,0.000409200000,  -0.62000,
,,,0.000409300000,  -0.62000,
,,,0.000409400000,  -0.66000,
,,,0.000409500000,  -0.62000,
,,,0.000409600000,  -0.64000,
,,,0.000409700000,  -0.64000,
,,,0.000409800000,  -0.64000,
,,,0.000409900000,  -0.62000,
,,,0.000410000000,  -0.62000,
,,,0.000410100000,  -0.66000,
,,,0.000410200000,  -0.64000,
,,,0.000410300000,  -0.64000,
,,,0.000410400000,  -0.62000,
,,,0.000410500000,  -0.62000,
,,,0.000410600000,  -0.64000,
,,,0.000410700000,  -0.62000,
,,,0.000410800000,  -0.62000,
,,,0.000410900000,  -0.60000,
,,,0.000411000000,  -0.58000,
,,,0.000411100000,  -0.58000,
,,,0.000411200000,  -0.58000,
,,,0.000411300000,  -0.58000,
,,,0.000411400000,  -0.58000,
,,,0.000411500000,  -0.58000,
,,,0.000411600000,  -0.58000,
,,,0.000411700000,  -0.58000,
,,,0.000411800000,  -0.56000,
,,,0.000411900000,  -0.56000,
,,,0.000412000000,  -0.54000,
,,,0.000412100000,  -0.56000,
,,,0.000412200000,  -0.58000,
,,,0.000412300000,  -0.56000,
,,,0.000412400000,  -0.52000,
,,,0.000412500000,  -0.54000,
,,,0.000412600000,  -0.52000,
,,,0.000412700000,  -0.56000,
,,,0.000412800000,  -0.50000,
,,,0.000412900000,  -0.54000,
,,,0.000413000000,  -0.52000,
,,,0.000413100000,  -0.50000,
,,,0.000413200000,  -0.50000,
,,,0.000413300000,  -0.52000,
,,,0.000413400000,  -0.52000,
,,,0.000413500000,  -0.50000,
,,,0.000413600000,  -0.52000,
,,,0.000413700000,  -0.50000,
,,,0.000413800000,  -0.50000,
,,,0.000413900000,  -0.50000,
,,,0.000414000000,  -0.50000,
,,,0.000414100000,  -0.50000,
,,,0.000414200000,  -0.50000,
,,,0.000414300000,  -0.46000,
,,,0.000414400000,  -0.48000,
,,,0.000414500000,  -0.46000,
,,,0.000414600000,  -0.46000,
,,,0.000414700000,  -0.44000,
,,,0.000414800000,  -0.46000,
,,,0.000414900000,  -0.48000,
,,,0.000415000000,  -0.44000,
,,,0.000415100000,  -0.46000,
,,,0.000415200000,  -0.44000,
,,,0.000415300000,  -0.40000,
,,,0.000415400000,  -0.44000,
,,,0.000415500000,  -0.42000,
,,,0.000415600000,  -0.44000,
,,,0.000415700000,  -0.44000,
,,,0.000415800000,  -0.42000,
,,,0.000415900000,  -0.40000,
,,,0.000416000000,  -0.42000,
,,,0.000416100000,  -0.42000,
,,,0.000416200000,  -0.40000,
,,,0.000416300000,  -0.42000,
,,,0.000416400000,  -0.40000,
,,,0.000416500000,  -0.40000,
,,,0.000416600000,  -0.38000,
,,,0.000416700000,  -0.36000,
,,,0.000416800000,  -0.36000,
,,,0.000416900000,  -0.38000,
,,,0.000417000000,  -0.34000,
,,,0.000417100000,  -0.38000,
,,,0.000417200000,  -0.36000,
,,,0.000417300000,  -0.32000,
,,,0.000417400000,  -0.34000,
,,,0.000417500000,  -0.36000,
,,,0.000417600000,  -0.32000,
,,,0.000417700000,  -0.32000,
,,,0.000417800000,  -0.34000,
,,,0.000417900000,  -0.32000,
,,,0.000418000000,  -0.32000,
,,,0.000418100000,  -0.32000,
,,,0.000418200000,  -0.32000,
,,,0.000418300000,  -0.30000,
,,,0.000418400000,  -0.34000,
,,,0.000418500000,  -0.28000,
,,,0.000418600000,  -0.32000,
,,,0.000418700000,  -0.28000,
,,,0.000418800000,  -0.30000,
,,,0.000418900000,  -0.28000,
,,,0.000419000000,  -0.28000,
,,,0.000419100000,  -0.28000,
,,,0.000419200000,  -0.28000,
,,,0.000419300000,  -0.24000,
,,,0.000419400000,  -0.26000,
,,,0.000419500000,  -0.26000,
,,,0.000419600000,  -0.24000,
,,,0.000419700000,  -0.24000,
,,,0.000419800000,  -0.22000,
,,,0.000419900000,  -0.22000,
,,,0.000420000000,  -0.26000,
,,,0.000420100000,  -0.26000,
,,,0.000420200000,  -0.24000,
,,,0.000420300000,  -0.24000,
,,,0.000420400000,  -0.22000,
,,,0.000420500000,  -0.22000,
,,,0.000420600000,  -0.20000,
,,,0.000420700000,  -0.20000,
,,,0.000420800000,  -0.22000,
,,,0.000420900000,  -0.22000,
,,,0.000421000000,  -0.22000,
,,,0.000421100000,  -0.18000,
,,,0.000421200000,  -0.18000,
,,,0.000421300000,  -0.20000,
,,,0.000421400000,  -0.16000,
,,,0.000421500000,  -0.20000,
,,,0.000421600000,  -0.16000,
,,,0.000421700000,  -0.16000,
,,,0.000421800000,  -0.16000,
,,,0.000421900000,  -0.14000,
,,,0.000422000000,  -0.14000,
,,,0.000422100000,  -0.16000,
,,,0.000422200000,  -0.12000,
,,,0.000422300000,  -0.08000,
,,,0.000422400000,  -0.12000,
,,,0.000422500000,  -0.12000,
,,,0.000422600000,  -0.10000,
,,,0.000422700000,  -0.12000,
,,,0.000422800000,  -0.10000,
,,,0.000422900000,  -0.08000,
,,,0.000423000000,  -0.08000,
,,,0.000423100000,  -0.08000,
,,,0.000423200000,  -0.10000,
,,,0.000423300000,  -0.08000,
,,,0.000423400000,  -0.08000,
,,,0.000423500000,  -0.06000,
,,,0.000423600000,  -0.06000,
,,,0.000423700000,  -0.10000,
,,,0.000423800000,  -0.06000,
,,,0.000423900000,  -0.06000,
,,,0.000424000000,  -0.06000,
,,,0.000424100000,  -0.08000,
,,,0.000424200000,  -0.08000,
,,,0.000424300000,  -0.08000,
,,,0.000424400000,  -0.02000,
,,,0.000424500000,  -0.02000,
,,,0.000424600000,  -0.04000,
,,,0.000424700000,  -0.02000,
,,,0.000424800000,  -0.02000,
,,,0.000424900000,   0.00000,
,,,0.000425000000,  -0.02000,
,,,0.000425100000,  -0.04000,
,,,0.000425200000,   0.00000,
,,,0.000425300000,   0.00000,
,,,0.000425400000,   0.00000,
,,,0.000425500000,   0.02000,
,,,0.000425600000,   0.02000,
,,,0.000425700000,  -0.02000,
,,,0.000425800000,   0.04000,
,,,0.000425900000,   0.04000,
,,,0.000426000000,   0.04000,
,,,0.000426100000,   0.04000,
,,,0.000426200000,   0.06000,
,,,0.000426300000,   0.04000,
,,,0.000426400000,   0.04000,
,,,0.000426500000,   0.06000,
,,,0.000426600000,   0.06000,
,,,0.000426700000,   0.08000,
,,,0.000426800000,   0.08000,
,,,0.000426900000,   0.10000,
,,,0.000427000000,   0.08000,
,,,0.000427100000,   0.10000,
,,,0.000427200000,   0.12000,
,,,0.000427300000,   0.10000,
,,,0.000427400000,   0.10000,
,,,0.000427500000,   0.10000,
,,,0.000427600000,   0.12000,
,,,0.000427700000,   0.10000,
,,,0.000427800000,   0.10000,
,,,0.000427900000,   0.12000,
,,,0.000428000000,   0.12000,
,,,0.000428100000,   0.12000,
,,,0.000428200000,   0.16000,
,,,0.000428300000,   0.14000,
,,,0.000428400000,   0.14000,
,,,0.000428500000,   0.12000,
,,,0.000428600000,   0.14000,
,,,0.000428700000,   0.14000,
,,,0.000428800000,   0.16000,
,,,0.000428900000,   0.18000,
,,,0.000429000000,   0.18000,
,,,0.000429100000,   0.18000,
,,,0.000429200000,   0.18000,
,,,0.000429300000,   0.20000,
,,,0.000429400000,   0.20000,
,,,0.000429500000,   0.20000,
,,,0.000429600000,   0.18000,
,,,0.000429700000,   0.20000,
,,,0.000429800000,   0.20000,
,,,0.000429900000,   0.20000,
,,,0.000430000000,   0.22000,
,,,0.000430100000,   0.22000,
,,,0.000430200000,   0.22000,
,,,0.000430300000,   0.24000,
,,,0.000430400000,   0.22000,
,,,0.000430500000,   0.26000,
,,,0.000430600000,   0.22000,
,,,0.000430700000,   0.24000,
,,,0.000430800000,   0.26000,
,,,0.000430900000,   0.24000,
,,,0.000431000000,   0.26000,
,,,0.000431100000,   0.26000,
,,,0.000431200000,   0.26000,
,,,0.000431300000,   0.26000,
,,,0.000431400000,   0.26000,
,,,0.000431500000,   0.30000,
,,,0.000431600000,   0.30000,
,,,0.000431700000,   0.28000,
,,,0.000431800000,   0.28000,
,,,0.000431900000,   0.32000,
,,,0.000432000000,   0.30000,
,,,0.000432100000,   0.30000,
,,,0.000432200000,   0.32000,
,,,0.000432300000,   0.30000,
,,,0.000432400000,   0.32000,
,,,0.000432500000,   0.34000,
,,,0.000432600000,   0.34000,
,,,0.000432700000,   0.34000,
,,,0.000432800000,   0.32000,
,,,0.000432900000,   0.36000,
,,,0.000433000000,   0.36000,
,,,0.000433100000,   0.34000,
,,,0.000433200000,   0.36000,
,,,0.000433300000,   0.36000,
,,,0.000433400000,   0.38000,
,,,0.000433500000,   0.36000,
,,,0.000433600000,   0.36000,
,,,0.000433700000,   0.36000,
,,,0.000433800000,   0.34000,
,,,0.000433900000,   0.38000,
,,,0.000434000000,   0.40000,
,,,0.000434100000,   0.38000,
,,,0.000434200000,   0.38000,
,,,0.000434300000,   0.40000,
,,,0.000434400000,   0.38000,
,,,0.000434500000,   0.40000,
,,,0.000434600000,   0.40000,
,,,0.000434700000,   0.40000,
,,,0.000434800000,   0.44000,
,,,0.000434900000,   0.44000,
,,,0.000435000000,   0.42000,
,,,0.000435100000,   0.44000,
,,,0.000435200000,   0.44000,
,,,0.000435300000,   0.44000,
,,,0.000435400000,   0.42000,
,,,0.000435500000,   0.44000,
,,,0.000435600000,   0.44000,
,,,0.000435700000,   0.42000,
,,,0.000435800000,   0.44000,
,,,0.000435900000,   0.46000,
,,,0.000436000000,   0.46000,
,,,0.000436100000,   0.46000,
,,,0.000436200000,   0.46000,
,,,0.000436300000,   0.48000,
,,,0.000436400000,   0.48000,
,,,0.000436500000,   0.48000,
,,,0.000436600000,   0.52000,
,,,0.000436700000,   0.50000,
,,,0.000436800000,   0.50000,
,,,0.000436900000,   0.48000,
,,,0.000437000000,   0.50000,
,,,0.000437100000,   0.52000,
,,,0.000437200000,   0.52000,
,,,0.000437300000,   0.50000,
,,,0.000437400000,   0.52000,
,,,0.000437500000,   0.54000,
,,,0.000437600000,   0.52000,
,,,0.000437700000,   0.52000,
,,,0.000437800000,   0.54000,
,,,0.000437900000,   0.52000,
,,,0.000438000000,   0.54000,
,,,0.000438100000,   0.52000,
,,,0.000438200000,   0.56000,
,,,0.000438300000,   0.56000,
,,,0.000438400000,   0.54000,
,,,0.000438500000,   0.56000,
,,,0.000438600000,   0.54000,
,,,0.000438700000,   0.58000,
,,,0.000438800000,   0.58000,
,,,0.000438900000,   0.58000,
,,,0.000439000000,   0.56000,
,,,0.000439100000,   0.60000,
,,,0.000439200000,   0.60000,
,,,0.000439300000,   0.60000,
,,,0.000439400000,   0.58000,
,,,0.000439500000,   0.62000,
,,,0.000439600000,   0.62000,
,,,0.000439700000,   0.62000,
,,,0.000439800000,   0.62000,
,,,0.000439900000,   0.60000,
,,,0.000440000000,   0.62000,
,,,0.000440100000,   0.62000,
,,,0.000440200000,   0.60000,
,,,0.000440300000,   0.62000,
,,,0.000440400000,   0.60000,
,,,0.000440500000,   0.64000,
,,,0.000440600000,   0.64000,
,,,0.000440700000,   0.62000,
,,,0.000440800000,   0.62000,
,,,0.000440900000,   0.64000,
,,,0.000441000000,   0.64000,
,,,0.000441100000,   0.64000,
,,,0.000441200000,   0.64000,
,,,0.000441300000,   0.64000,
,,,0.000441400000,   0.66000,
,,,0.000441500000,   0.70000,
,,,0.000441600000,   0.68000,
,,,0.000441700000,   0.66000,
,,,0.000441800000,   0.68000,
,,,0.000441900000,   0.66000,
,,,0.000442000000,   0.66000,
,,,0.000442100000,   0.70000,
,,,0.000442200000,   0.70000,
,,,0.000442300000,   0.72000,
,,,0.000442400000,   0.70000,
,,,0.000442500000,   0.70000,
,,,0.000442600000,   0.70000,
,,,0.000442700000,   0.70000,
,,,0.000442800000,   0.72000,
,,,0.000442900000,   0.72000,
,,,0.000443000000,   0.70000,
,,,0.000443100000,   0.72000,
,,,0.000443200000,   0.68000,
,,,0.000443300000,   0.74000,
,,,0.000443400000,   0.74000,
,,,0.000443500000,   0.72000,
,,,0.000443600000,   0.74000,
,,,0.000443700000,   0.74000,
,,,0.000443800000,   0.76000,
,,,0.000443900000,   0.76000,
,,,0.000444000000,   0.76000,
,,,0.000444100000,   0.74000,
,,,0.000444200000,   0.76000,
,,,0.000444300000,   0.74000,
,,,0.000444400000,   0.74000,
,,,0.000444500000,   0.74000,
,,,0.000444600000,   0.78000,
,,,0.000444700000,   0.78000,
,,,0.000444800000,   0.76000,
,,,0.000444900000,   0.76000,
,,,0.000445000000,   0.78000,
,,,0.000445100000,   0.78000,
,,,0.000445200000,   0.80000,
,,,0.000445300000,   0.78000,
,,,0.000445400000,   0.82000,
,,,0.000445500000,   0.80000,
,,,0.000445600000,   0.82000,
,,,0.000445700000,   0.80000,
,,,0.000445800000,   0.80000,
,,,0.000445900000,   0.78000,
,,,0.000446000000,   0.80000,
,,,0.000446100000,   0.82000,
,,,0.000446200000,   0.82000,
,,,0.000446300000,   0.82000,
,,,0.000446400000,   0.82000,
,,,0.000446500000,   0.84000,
,,,0.000446600000,   0.80000,
,,,0.000446700000,   0.84000,
,,,0.000446800000,   0.84000,
,,,0.000446900000,   0.82000,
,,,0.000447000000,   0.84000,
,,,0.000447100000,   0.86000,
,,,0.000447200000,   0.84000,
,,,0.000447300000,   0.86000,
,,,0.000447400000,   0.84000,
,,,0.000447500000,   0.84000,
,,,0.000447600000,   0.84000,
,,,0.000447700000,   0.86000,
,,,0.000447800000,   0.84000,
,,,0.000447900000,   0.86000,
,,,0.000448000000,   0.84000,
,,,0.000448100000,   0.86000,
,,,0.000448200000,   0.88000,
,,,0.000448300000,   0.86000,
,,,0.000448400000,   0.88000,
,,,0.000448500000,   0.88000,
,,,0.000448600000,   0.88000,
,,,0.000448700000,   0.88000,
,,,0.000448800000,   0.88000,
,,,0.000448900000,   0.90000,
,,,0.000449000000,   0.92000,
,,,0.000449100000,   0.90000,
,,,0.000449200000,   0.90000,
,,,0.000449300000,   0.88000,
,,,0.000449400000,   0.88000,
,,,0.000449500000,   0.90000,
,,,0.000449600000,   0.90000,
,,,0.000449700000,   0.90000,
,,,0.000449800000,   0.90000,
,,,0.000449900000,   0.92000,
,,,0.000450000000,   0.90000,
,,,0.000450100000,   0.90000,
,,,0.000450200000,   0.90000,
,,,0.000450300000,   0.92000,
,,,0.000450400000,   0.94000,
,,,0.000450500000,   0.90000,
,,,0.000450600000,   0.94000,
,,,0.000450700000,   0.90000,
,,,0.000450800000,   0.92000,
,,,0.000450900000,   0.94000,
,,,0.000451000000,   0.92000,
,,,0.000451100000,   0.92000,
,,,0.000451200000,   0.92000,
,,,0.000451300000,   0.92000,
,,,0.000451400000,   0.94000,
,,,0.000451500000,   0.94000,
,,,0.000451600000,   0.92000,
,,,0.000451700000,   0.96000,
,,,0.000451800000,   0.94000,
,,,0.000451900000,   0.94000,
,,,0.000452000000,   0.98000,
,,,0.000452100000,   0.94000,
,,,0.000452200000,   0.96000,
,,,0.000452300000,   0.96000,
,,,0.000452400000,   0.94000,
,,,0.000452500000,   0.98000,
,,,0.000452600000,   1.00000,
,,,0.000452700000,   0.98000,
,,,0.000452800000,   1.00000,
,,,0.000452900000,   0.96000,
,,,0.000453000000,   0.98000,
,,,0.000453100000,   0.98000,
,,,0.000453200000,   0.96000,
,,,0.000453300000,   0.98000,
,,,0.000453400000,   0.96000,
,,,0.000453500000,   1.00000,
,,,0.000453600000,   0.98000,
,,,0.000453700000,   0.94000,
,,,0.000453800000,   0.96000,
,,,0.000453900000,   0.96000,
,,,0.000454000000,   0.98000,
,,,0.000454100000,   1.02000,
,,,0.000454200000,   0.96000,
,,,0.000454300000,   0.98000,
,,,0.000454400000,   0.98000,
,,,0.000454500000,   0.96000,
,,,0.000454600000,   0.98000,
,,,0.000454700000,   0.96000,
,,,0.000454800000,   0.96000,
,,,0.000454900000,   1.00000,
,,,0.000455000000,   0.98000,
,,,0.000455100000,   1.00000,
,,,0.000455200000,   1.02000,
,,,0.000455300000,   1.00000,
,,,0.000455400000,   0.98000,
,,,0.000455500000,   0.98000,
,,,0.000455600000,   1.00000,
,,,0.000455700000,   1.02000,
,,,0.000455800000,   1.00000,
,,,0.000455900000,   0.98000,
,,,0.000456000000,   1.00000,
,,,0.000456100000,   1.00000,
,,,0.000456200000,   1.02000,
,,,0.000456300000,   1.00000,
,,,0.000456400000,   1.04000,
,,,0.000456500000,   1.02000,
,,,0.000456600000,   1.00000,
,,,0.000456700000,   1.00000,
,,,0.000456800000,   1.02000,
,,,0.000456900000,   1.04000,
,,,0.000457000000,   1.02000,
,,,0.000457100000,   1.02000,
,,,0.000457200000,   1.02000,
,,,0.000457300000,   1.02000,
,,,0.000457400000,   1.04000,
,,,0.000457500000,   1.00000,
,,,0.000457600000,   1.02000,
,,,0.000457700000,   1.00000,
,,,0.000457800000,   1.00000,
,,,0.000457900000,   1.00000,
,,,0.000458000000,   1.00000,
,,,0.000458100000,   1.02000,
,,,0.000458200000,   1.00000,
,,,0.000458300000,   1.02000,
,,,0.000458400000,   1.04000,
,,,0.000458500000,   1.02000,
,,,0.000458600000,   1.02000,
,,,0.000458700000,   1.04000,
,,,0.000458800000,   1.02000,
,,,0.000458900000,   1.02000,
,,,0.000459000000,   1.04000,
,,,0.000459100000,   1.04000,
,,,0.000459200000,   1.04000,
,,,0.000459300000,   1.00000,
,,,0.000459400000,   1.02000,
,,,0.000459500000,   1.04000,
,,,0.000459600000,   1.02000,
,,,0.000459700000,   1.02000,
,,,0.000459800000,   1.04000,
,,,0.000459900000,   1.00000,
,,,0.000460000000,   1.00000,
,,,0.000460100000,   1.02000,
,,,0.000460200000,   1.04000,
,,,0.000460300000,   1.06000,
,,,0.000460400000,   1.00000,
,,,0.000460500000,   1.04000,
,,,0.000460600000,   1.04000,
,,,0.000460700000,   1.02000,
,,,0.000460800000,   1.04000,
,,,0.000460900000,   1.04000,
,,,0.000461000000,   1.02000,
,,,0.000461100000,   1.04000,
,,,0.000461200000,   1.04000,
,,,0.000461300000,   1.06000,
,,,0.000461400000,   1.02000,
,,,0.000461500000,   1.06000,
,,,0.000461600000,   1.04000,
,,,0.000461700000,   1.02000,
,,,0.000461800000,   1.04000,
,,,0.000461900000,   1.06000,
,,,0.000462000000,   1.02000,
,,,0.000462100000,   1.06000,
,,,0.000462200000,   1.04000,
,,,0.000462300000,   1.04000,
,,,0.000462400000,   1.08000,
,,,0.000462500000,   1.04000,
,,,0.000462600000,   1.02000,
,,,0.000462700000,   1.04000,
,,,0.000462800000,   1.04000,
,,,0.000462900000,   1.04000,
,,,0.000463000000,   1.04000,
,,,0.000463100000,   1.04000,
,,,0.000463200000,   1.04000,
,,,0.000463300000,   1.02000,
,,,0.000463400000,   1.04000,
,,,0.000463500000,   1.06000,
,,,0.000463600000,   1.02000,
,,,0.000463700000,   1.02000,
,,,0.000463800000,   1.04000,
,,,0.000463900000,   1.02000,
,,,0.000464000000,   1.04000,
,,,0.000464100000,   1.02000,
,,,0.000464200000,   1.02000,
,,,0.000464300000,   1.02000,
,,,0.000464400000,   1.00000,
,,,0.000464500000,   1.02000,
,,,0.000464600000,   1.00000,
,,,0.000464700000,   1.00000,
,,,0.000464800000,   1.02000,
,,,0.000464900000,   1.00000,
,,,0.000465000000,   1.02000,
,,,0.000465100000,   1.02000,
,,,0.000465200000,   1.04000,
,,,0.000465300000,   1.00000,
,,,0.000465400000,   1.04000,
,,,0.000465500000,   1.00000,
,,,0.000465600000,   1.02000,
,,,0.000465700000,   1.00000,
,,,0.000465800000,   1.02000,
,,,0.000465900000,   1.00000,
,,,0.000466000000,   1.00000,
,,,0.000466100000,   1.00000,
,,,0.000466200000,   1.00000,
,,,0.000466300000,   1.02000,
,,,0.000466400000,   0.98000,
,,,0.000466500000,   1.02000,
,,,0.000466600000,   1.00000,
,,,0.000466700000,   0.98000,
,,,0.000466800000,   1.02000,
,,,0.000466900000,   1.00000,
,,,0.000467000000,   0.98000,
,,,0.000467100000,   1.02000,
,,,0.000467200000,   1.00000,
,,,0.000467300000,   1.02000,
,,,0.000467400000,   0.98000,
,,,0.000467500000,   1.00000,
,,,0.000467600000,   1.00000,
,,,0.000467700000,   0.98000,
,,,0.000467800000,   0.98000,
,,,0.000467900000,   0.98000,
,,,0.000468000000,   0.98000,
,,,0.000468100000,   0.98000,
,,,0.000468200000,   1.00000,
,,,0.000468300000,   0.94000,
,,,0.000468400000,   0.96000,
,,,0.000468500000,   0.98000,
,,,0.000468600000,   0.98000,
,,,0.000468700000,   1.00000,
,,,0.000468800000,   0.98000,
,,,0.000468900000,   0.98000,
,,,0.000469000000,   0.98000,
,,,0.000469100000,   1.02000,
,,,0.000469200000,   0.98000,
,,,0.000469300000,   1.00000,
,,,0.000469400000,   1.00000,
,,,0.000469500000,   0.96000,
,,,0.000469600000,   0.96000,
,,,0.000469700000,   0.96000,
,,,0.000469800000,   0.94000,
,,,0.000469900000,   0.96000,
,,,0.000470000000,   0.96000,
,,,0.000470100000,   0.98000,
,,,0.000470200000,   0.98000,
,,,0.000470300000,   0.96000,
,,,0.000470400000,   0.98000,
,,,0.000470500000,   0.96000,
,,,0.000470600000,   0.96000,
,,,0.000470700000,   0.96000,
,,,0.000470800000,   0.94000,
,,,0.000470900000,   0.94000,
,,,0.000471000000,   0.94000,
,,,0.000471100000,   0.92000,
,,,0.000471200000,   0.96000,
,,,0.000471300000,   0.92000,
,,,0.000471400000,   0.94000,
,,,0.000471500000,   0.94000,
,,,0.000471600000,   0.90000,
,,,0.000471700000,   0.92000,
,,,0.000471800000,   0.96000,
,,,0.000471900000,   0.92000,
,,,0.000472000000,   0.94000,
,,,0.000472100000,   0.94000,
,,,0.000472200000,   0.92000,
,,,0.000472300000,   0.92000,
,,,0.000472400000,   0.92000,
,,,0.000472500000,   0.92000,
,,,0.000472600000,   0.94000,
,,,0.000472700000,   0.90000,
,,,0.000472800000,   0.90000,
,,,0.000472900000,   0.90000,
,,,0.000473000000,   0.92000,
,,,0.000473100000,   0.90000,
,,,0.000473200000,   0.88000,
,,,0.000473300000,   0.90000,
,,,0.000473400000,   0.90000,
,,,0.000473500000,   0.90000,
,,,0.000473600000,   0.86000,
,,,0.000473700000,   0.86000,
,,,0.000473800000,   0.88000,
,,,0.000473900000,   0.90000,
,,,0.000474000000,   0.86000,
,,,0.000474100000,   0.88000,
,,,0.000474200000,   0.88000,
,,,0.000474300000,   0.84000,
,,,0.000474400000,   0.86000,
,,,0.000474500000,   0.84000,
,,,0.000474600000,   0.84000,
,,,0.000474700000,   0.86000,
,,,0.000474800000,   0.82000,
,,,0.000474900000,   0.84000,
,,,0.000475000000,   0.84000,
,,,0.000475100000,   0.88000,
,,,0.000475200000,   0.86000,
,,,0.000475300000,   0.84000,
,,,0.000475400000,   0.86000,
,,,0.000475500000,   0.82000,
,,,0.000475600000,   0.80000,
,,,0.000475700000,   0.82000,
,,,0.000475800000,   0.84000,
,,,0.000475900000,   0.82000,
,,,0.000476000000,   0.84000,
,,,0.000476100000,   0.82000,
,,,0.000476200000,   0.84000,
,,,0.000476300000,   0.84000,
,,,0.000476400000,   0.84000,
,,,0.000476500000,   0.84000,
,,,0.000476600000,   0.82000,
,,,0.000476700000,   0.84000,
,,,0.000476800000,   0.82000,
,,,0.000476900000,   0.78000,
,,,0.000477000000,   0.80000,
,,,0.000477100000,   0.80000,
,,,0.000477200000,   0.82000,
,,,0.000477300000,   0.78000,
,,,0.000477400000,   0.78000,
,,,0.000477500000,   0.78000,
,,,0.000477600000,   0.78000,
,,,0.000477700000,   0.76000,
,,,0.000477800000,   0.78000,
,,,0.000477900000,   0.78000,
,,,0.000478000000,   0.74000,
,,,0.000478100000,   0.76000,
,,,0.000478200000,   0.78000,
,,,0.000478300000,   0.76000,
,,,0.000478400000,   0.74000,
,,,0.000478500000,   0.76000,
,,,0.000478600000,   0.74000,
,,,0.000478700000,   0.78000,
,,,0.000478800000,   0.78000,
,,,0.000478900000,   0.76000,
,,,0.000479000000,   0.74000,
,,,0.000479100000,   0.74000,
,,,0.000479200000,   0.74000,
,,,0.000479300000,   0.74000,
,,,0.000479400000,   0.72000,
,,,0.000479500000,   0.70000,
,,,0.000479600000,   0.74000,
,,,0.000479700000,   0.72000,
,,,0.000479800000,   0.70000,
,,,0.000479900000,   0.70000,
,,,0.000480000000,   0.70000,
,,,0.000480100000,   0.70000,
,,,0.000480200000,   0.72000,
,,,0.000480300000,   0.70000,
,,,0.000480400000,   0.66000,
,,,0.000480500000,   0.68000,
,,,0.000480600000,   0.70000,
,,,0.000480700000,   0.68000,
,,,0.000480800000,   0.68000,
,,,0.000480900000,   0.66000,
,,,0.000481000000,   0.66000,
,,,0.000481100000,   0.68000,
,,,0.000481200000,   0.66000,
,,,0.000481300000,   0.68000,
,,,0.000481400000,   0.66000,
,,,0.000481500000,   0.64000,
,,,0.000481600000,   0.64000,
,,,0.000481700000,   0.66000,
,,,0.000481800000,   0.64000,
,,,0.000481900000,   0.68000,
,,,0.000482000000,   0.64000,
,,,0.000482100000,   0.62000,
,,,0.000482200000,   0.64000,
,,,0.000482300000,   0.62000,
,,,0.000482400000,   0.62000,
,,,0.000482500000,   0.62000,
,,,0.000482600000,   0.62000,
,,,0.000482700000,   0.62000,
,,,0.000482800000,   0.62000,
,,,0.000482900000,   0.60000,
,,,0.000483000000,   0.60000,
,,,0.000483100000,   0.58000,
,,,0.000483200000,   0.62000,
,,,0.000483300000,   0.58000,
,,,0.000483400000,   0.58000,
,,,0.000483500000,   0.56000,
,,,0.000483600000,   0.56000,
,,,0.000483700000,   0.58000,
,,,0.000483800000,   0.60000,
,,,0.000483900000,   0.56000,
,,,0.000484000000,   0.58000,
,,,0.000484100000,   0.56000,
,,,0.000484200000,   0.54000,
,,,0.000484300000,   0.56000,
,,,0.000484400000,   0.54000,
,,,0.000484500000,   0.54000,
,,,0.000484600000,   0.56000,
,,,0.000484700000,   0.54000,
,,,0.000484800000,   0.54000,
,,,0.000484900000,   0.50000,
,,,0.000485000000,   0.54000,
,,,0.000485100000,   0.52000,
,,,0.000485200000,   0.52000,
,,,0.000485300000,   0.52000,
,,,0.000485400000,   0.50000,
,,,0.000485500000,   0.50000,
,,,0.000485600000,   0.50000,
,,,0.000485700000,   0.50000,
,,,0.000485800000,   0.48000,
,,,0.000485900000,   0.48000,
,,,0.000486000000,   0.48000,
,,,0.000486100000,   0.50000,
,,,0.000486200000,   0.50000,
,,,0.000486300000,   0.48000,
,,,0.000486400000,   0.46000,
,,,0.000486500000,   0.48000,
,,,0.000486600000,   0.50000,
,,,0.000486700000,   0.48000,
,,,0.000486800000,   0.46000,
,,,0.000486900000,   0.44000,
,,,0.000487000000,   0.46000,
,,,0.000487100000,   0.42000,
,,,0.000487200000,   0.44000,
,,,0.000487300000,   0.44000,
,,,0.000487400000,   0.44000,
,,,0.000487500000,   0.42000,
,,,0.000487600000,   0.42000,
,,,0.000487700000,   0.42000,
,,,0.000487800000,   0.42000,
,,,0.000487900000,   0.40000,
,,,0.000488000000,   0.42000,
,,,0.000488100000,   0.44000,
,,,0.000488200000,   0.42000,
,,,0.000488300000,   0.38000,
,,,0.000488400000,   0.40000,
,,,0.000488500000,   0.40000,
,,,0.000488600000,   0.40000,
,,,0.000488700000,   0.40000,
,,,0.000488800000,   0.38000,
,,,0.000488900000,   0.38000,
,,,0.000489000000,   0.36000,
,,,0.000489100000,   0.38000,
,,,0.000489200000,   0.38000,
,,,0.000489300000,   0.36000,
,,,0.000489400000,   0.36000,
,,,0.000489500000,   0.34000,
,,,0.000489600000,   0.34000,
,,,0.000489700000,   0.36000,
,,,0.000489800000,   0.32000,
,,,0.000489900000,   0.32000,
,,,0.000490000000,   0.34000,
,,,0.000490100000,   0.30000,
,,,0.000490200000,   0.34000,
,,,0.000490300000,   0.30000,
,,,0.000490400000,   0.32000,
,,,0.000490500000,   0.32000,
,,,0.000490600000,   0.30000,
,,,0.000490700000,   0.30000,
,,,0.000490800000,   0.30000,
,,,0.000490900000,   0.26000,
,,,0.000491000000,   0.30000,
,,,0.000491100000,   0.28000,
,,,0.000491200000,   0.28000,
,,,0.000491300000,   0.26000,
,,,0.000491400000,   0.24000,
,,,0.000491500000,   0.26000,
,,,0.000491600000,   0.28000,
,,,0.000491700000,   0.26000,
,,,0.000491800000,   0.26000,
,,,0.000491900000,   0.26000,
,,,0.000492000000,   0.24000,
,,,0.000492100000,   0.26000,
,,,0.000492200000,   0.22000,
,,,0.000492300000,   0.24000,
,,,0.000492400000,   0.26000,
,,,0.000492500000,   0.22000,
,,,0.000492600000,   0.22000,
,,,0.000492700000,   0.22000,
,,,0.000492800000,   0.20000,
,,,0.000492900000,   0.18000,
,,,0.000493000000,   0.18000,
,,,0.000493100000,   0.22000,
,,,0.000493200000,   0.18000,
,,,0.000493300000,   0.18000,
,,,0.000493400000,   0.18000,
,,,0.000493500000,   0.18000,
,,,0.000493600000,   0.14000,
,,,0.000493700000,   0.18000,
,,,0.000493800000,   0.16000,
,,,0.000493900000,   0.16000,
,,,0.000494000000,   0.16000,
,,,0.000494100000,   0.16000,
,,,0.000494200000,   0.14000,
,,,0.000494300000,   0.14000,
,,,0.000494400000,   0.12000,
,,,0.000494500000,   0.14000,
,,,0.000494600000,   0.12000,
,,,0.000494700000,   0.14000,
,,,0.000494800000,   0.12000,
,,,0.000494900000,   0.12000,
,,,0.000495000000,   0.10000,
,,,0.000495100000,   0.10000,
,,,0.000495200000,   0.10000,
,,,0.000495300000,   0.08000,
,,,0.000495400000,   0.08000,
,,,0.000495500000,   0.08000,
,,,0.000495600000,   0.08000,
,,,0.000495700000,   0.08000,
,,,0.000495800000,   0.06000,
,,,0.000495900000,   0.06000,
,,,0.000496000000,   0.08000,
,,,0.000496100000,   0.04000,
,,,0.000496200000,   0.08000,
,,,0.000496300000,   0.06000,
,,,0.000496400000,   0.04000,
,,,0.000496500000,   0.06000,
,,,0.000496600000,   0.04000,
,,,0.000496700000,   0.04000,
,,,0.000496800000,   0.04000,
,,,0.000496900000,   0.02000,
,,,0.000497000000,   0.02000,
,,,0.000497100000,   0.02000,
,,,0.000497200000,   0.02000,
,,,0.000497300000,   0.02000,
,,,0.000497400000,  -0.02000,
,,,0.000497500000,  -0.02000,
,,,0.000497600000,  -0.04000,
,,,0.000497700000,  -0.02000,
,,,0.000497800000,  -0.04000,
,,,0.000497900000,  -0.04000,
,,,0.000498000000,  -0.06000,
,,,0.000498100000,  -0.04000,
,,,0.000498200000,  -0.04000,
,,,0.000498300000,  -0.06000,
,,,0.000498400000,  -0.04000,
,,,0.000498500000,  -0.04000,
,,,0.000498600000,  -0.04000,
,,,0.000498700000,  -0.04000,
,,,0.000498800000,  -0.06000,
,,,0.000498900000,  -0.08000,
,,,0.000499000000,  -0.08000,
,,,0.000499100000,  -0.08000,
,,,0.000499200000,  -0.08000,
,,,0.000499300000,  -0.10000,
,,,0.000499400000,  -0.08000,
,,,0.000499500000,  -0.10000,
,,,0.000499600000,  -0.10000,
,,,0.000499700000,  -0.12000,
,,,0.000499800000,  -0.10000,
,,,0.000499900000,  -0.12000,
,,,0.000500000000,  -0.14000,
,,,0.000500100000,  -0.14000,
,,,0.000500200000,  -0.14000,
,,,0.000500300000,  -0.14000,
,,,0.000500400000,  -0.14000,
,,,0.000500500000,  -0.14000,
,,,0.000500600000,  -0.16000,
,,,0.000500700000,  -0.18000,
,,,0.000500800000,  -0.18000,
,,,0.000500900000,  -0.16000,
,,,0.000501000000,  -0.18000,
,,,0.000501100000,  -0.16000,
,,,0.000501200000,  -0.16000,
,,,0.000501300000,  -0.20000,
,,,0.000501400000,  -0.20000,
,,,0.000501500000,  -0.16000,
,,,0.000501600000,  -0.22000,
,,,0.000501700000,  -0.18000,
,,,0.000501800000,  -0.20000,
,,,0.000501900000,  -0.18000,
,,,0.000502000000,  -0.20000,
,,,0.000502100000,  -0.18000,
,,,0.000502200000,  -0.20000,
,,,0.000502300000,  -0.20000,
,,,0.000502400000,  -0.22000,
,,,0.000502500000,  -0.22000,
,,,0.000502600000,  -0.22000,
,,,0.000502700000,  -0.24000,
,,,0.000502800000,  -0.22000,
,,,0.000502900000,  -0.26000,
,,,0.000503000000,  -0.26000,
,,,0.000503100000,  -0.24000,
,,,0.000503200000,  -0.26000,
,,,0.000503300000,  -0.26000,
,,,0.000503400000,  -0.26000,
,,,0.000503500000,  -0.26000,
,,,0.000503600000,  -0.26000,
,,,0.000503700000,  -0.30000,
,,,0.000503800000,  -0.30000,
,,,0.000503900000,  -0.32000,
,,,0.000504000000,  -0.30000,
,,,0.000504100000,  -0.30000,
,,,0.000504200000,  -0.32000,
,,,0.000504300000,  -0.34000,
,,,0.000504400000,  -0.28000,
,,,0.000504500000,  -0.30000,
,,,0.000504600000,  -0.32000,
,,,0.000504700000,  -0.34000,
,,,0.000504800000,  -0.34000,
,,,0.000504900000,  -0.34000,
,,,0.000505000000,  -0.34000,
,,,0.000505100000,  -0.34000,
,,,0.000505200000,  -0.36000,
,,,0.000505300000,  -0.36000,
,,,0.000505400000,  -0.38000,
,,,0.000505500000,  -0.36000,
,,,0.000505600000,  -0.36000,
,,,0.000505700000,  -0.36000,
,,,0.000505800000,  -0.36000,
,,,0.000505900000,  -0.36000,
,,,0.000506000000,  -0.38000,
,,,0.000506100000,  -0.38000,
,,,0.000506200000,  -0.40000,
,,,0.000506300000,  -0.40000,
,,,0.000506400000,  -0.40000,
,,,0.000506500000,  -0.38000,
,,,0.000506600000,  -0.42000,
,,,0.000506700000,  -0.42000,
,,,0.000506800000,  -0.38000,
,,,0.000506900000,  -0.40000,
,,,0.000507000000,  -0.42000,
,,,0.000507100000,  -0.40000,
,,,0.000507200000,  -0.44000,
,,,0.000507300000,  -0.46000,
,,,0.000507400000,  -0.44000,
,,,0.000507500000,  -0.46000,
,,,0.000507600000,  -0.42000,
,,,0.000507700000,  -0.46000,
,,,0.000507800000,  -0.46000,
,,,0.000507900000,  -0.46000,
,,,0.000508000000,  -0.46000,
,,,0.000508100000,  -0.46000,
,,,0.000508200000,  -0.46000,
,,,0.000508300000,  -0.44000,
,,,0.000508400000,  -0.46000,
,,,0.000508500000,  -0.46000,
,,,0.000508600000,  -0.48000,
,,,0.000508700000,  -0.48000,
,,,0.000508800000,  -0.50000,
,,,0.000508900000,  -0.48000,
,,,0.000509000000,  -0.48000,
,,,0.000509100000,  -0.50000,
,,,0.000509200000,  -0.50000,
,,,0.000509300000,  -0.52000,
,,,0.000509400000,  -0.50000,
,,,0.000509500000,  -0.50000,
,,,0.000509600000,  -0.54000,
,,,0.000509700000,  -0.52000,
,,,0.000509800000,  -0.52000,
,,,0.000509900000,  -0.50000,
,,,0.000510000000,  -0.52000,
,,,0.000510100000,  -0.56000,
,,,0.000510200000,  -0.56000,
,,,0.000510300000,  -0.54000,
,,,0.000510400000,  -0.54000,
,,,0.000510500000,  -0.54000,
,,,0.000510600000,  -0.56000,
,,,0.000510700000,  -0.56000,
,,,0.000510800000,  -0.56000,
,,,0.000510900000,  -0.56000,
,,,0.000511000000,  -0.56000,
,,,0.000511100000,  -0.56000,
,,,0.000511200000,  -0.58000,
,,,0.000511300000,  -0.56000,
,,,0.000511400000,  -0.56000,
,,,0.000511500000,  -0.58000,
,,,0.000511600000,  -0.60000,
,,,0.000511700000,  -0.58000,
,,,0.000511800000,  -0.60000,
,,,0.000511900000,  -0.58000,
,,,0.000512000000,  -0.60000,
,,,0.000512100000,  -0.60000,
,,,0.000512200000,  -0.58000,
,,,0.000512300000,  -0.60000,
,,,0.000512400000,  -0.62000,
,,,0.000512500000,  -0.62000,
,,,0.000512600000,  -0.64000,
,,,0.000512700000,  -0.64000,
,,,0.000512800000,  -0.64000,
,,,0.000512900000,  -0.62000,
,,,0.000513000000,  -0.64000,
,,,0.000513100000,  -0.66000,
,,,0.000513200000,  -0.66000,
,,,0.000513300000,  -0.66000,
,,,0.000513400000,  -0.64000,
,,,0.000513500000,  -0.66000,
,,,0.000513600000,  -0.64000,
,,,0.000513700000,  -0.66000,
,,,0.000513800000,  -0.68000,
,,,0.000513900000,  -0.70000,
,,,0.000514000000,  -0.68000,
,,,0.000514100000,  -0.70000,
,,,0.000514200000,  -0.70000,
,,,0.000514300000,  -0.66000,
,,,0.000514400000,  -0.70000,
,,,0.000514500000,  -0.68000,
,,,0.000514600000,  -0.70000,
,,,0.000514700000,  -0.70000,
,,,0.000514800000,  -0.72000,
,,,0.000514900000,  -0.70000,
,,,0.000515000000,  -0.72000,
,,,0.000515100000,  -0.72000,
,,,0.000515200000,  -0.70000,
,,,0.000515300000,  -0.72000,
,,,0.000515400000,  -0.72000,
,,,0.000515500000,  -0.74000,
,,,0.000515600000,  -0.74000,
,,,0.000515700000,  -0.74000,
,,,0.000515800000,  -0.72000,
,,,0.000515900000,  -0.76000,
,,,0.000516000000,  -0.72000,
,,,0.000516100000,  -0.74000,
,,,0.000516200000,  -0.74000,
,,,0.000516300000,  -0.74000,
,,,0.000516400000,  -0.72000,
,,,0.000516500000,  -0.76000,
,,,0.000516600000,  -0.76000,
,,,0.000516700000,  -0.74000,
,,,0.000516800000,  -0.76000,
,,,0.000516900000,  -0.76000,
,,,0.000517000000,  -0.76000,
,,,0.000517100000,  -0.78000,
,,,0.000517200000,  -0.78000,
,,,0.000517300000,  -0.76000,
,,,0.000517400000,  -0.80000,
,,,0.000517500000,  -0.78000,
,,,0.000517600000,  -0.78000,
,,,0.000517700000,  -0.78000,
,,,0.000517800000,  -0.80000,
,,,0.000517900000,  -0.78000,
,,,0.000518000000,  -0.76000,
,,,0.000518100000,  -0.80000,
,,,0.000518200000,  -0.80000,
,,,0.000518300000,  -0.84000,
,,,0.000518400000,  -0.82000,
,,,0.000518500000,  -0.80000,
,,,0.000518600000,  -0.82000,
,,,0.000518700000,  -0.82000,
,,,0.000518800000,  -0.80000,
,,,0.000518900000,  -0.80000,
,,,0.000519000000,  -0.82000,
,,,0.000519100000,  -0.82000,
,,,0.000519200000,  -0.82000,
,,,0.000519300000,  -0.84000,
,,,0.000519400000,  -0.86000,
,,,0.000519500000,  -0.86000,
,,,0.000519600000,  -0.86000,
,,,0.000519700000,  -0.86000,
,,,0.000519800000,  -0.86000,
,,,0.000519900000,  -0.86000,
,,,0.000520000000,  -0.86000,
,,,0.000520100000,  -0.84000,
,,,0.000520200000,  -0.84000,
,,,0.000520300000,  -0.88000,
,,,0.000520400000,  -0.86000,
,,,0.000520500000,  -0.88000,
,,,0.000520600000,  -0.86000,
,,,0.000520700000,  -0.86000,
,,,0.000520800000,  -0.88000,
,,,0.000520900000,  -0.88000,
,,,0.000521000000,  -0.86000,
,,,0.000521100000,  -0.86000,
,,,0.000521200000,  -0.86000,
,,,0.000521300000,  -0.86000,
,,,0.000521400000,  -0.90000,
,,,0.000521500000,  -0.86000,
,,,0.000521600000,  -0.86000,
,,,0.000521700000,  -0.90000,
,,,0.000521800000,  -0.88000,
,,,0.000521900000,  -0.90000,
,,,0.000522000000,  -0.86000,
,,,0.000522100000,  -0.88000,
,,,0.000522200000,  -0.92000,
,,,0.000522300000,  -0.90000,
,,,0.000522400000,  -0.90000,
,,,0.000522500000,  -0.92000,
,,,0.000522600000,  -0.92000,
,,,0.000522700000,  -0.90000,
,,,0.000522800000,  -0.92000,
,,,0.000522900000,  -0.94000,
,,,0.000523000000,  -0.92000,
,,,0.000523100000,  -0.94000,
,,,0.000523200000,  -0.92000,
,,,0.000523300000,  -0.94000,
,,,0.000523400000,  -0.90000,
,,,0.000523500000,  -0.92000,
,,,0.000523600000,  -0.96000,
,,,0.000523700000,  -0.94000,
,,,0.000523800000,  -0.92000,
,,,0.000523900000,  -0.92000,
,,,0.000524000000,  -0.92000,
,,,0.000524100000,  -0.92000,
,,,0.000524200000,  -0.90000,
,,,0.000524300000,  -0.94000,
,,,0.000524400000,  -0.94000,
,,,0.000524500000,  -0.94000,
,,,0.000524600000,  -0.92000,
,,,0.000524700000,  -0.96000,
,,,0.000524800000,  -0.96000,
,,,0.000524900000,  -0.94000,
